Fp1,Fp2,F3,F4,C3,C4,P3,P4,O1,O2,A1,A2,F7,F8,T3,T4,T5,T6,Fz,Cz,Pz
-18.48,5.71,-1.93,4.95,-2.78,2.27,-2.17,7.51,-1.63,6.62,-11.51,0.15,-8.91,9.22,1.54,6.53,-1.36,3.28,-3.87,-0.29,-0.25
-17.6,4.66,-1.65,4.76,-2.96,2.36,-1.67,8.78,-1.77,8.27,-10.06,-0.21,-5.22,9.27,2.45,8.05,-2.11,4,-4.1,-0.07,0.41
-20,2.23,0.44,2.44,-1.52,0.48,0.5,7.35,0.91,10.66,-7.69,-1.21,-0.97,4.94,0.75,1.52,0.21,6.57,-4.49,0.07,0.51
-18.5,4.31,-1.02,3.52,-1.52,0.83,1.23,7.62,-0.18,12.64,-8.99,-1.4,-5.89,4.95,-0.13,-1.18,-0.66,8.97,-2.88,1.25,1.27
-17.22,6.33,-4.12,5.32,-2.16,1.68,0.72,6.98,-0.37,11.16,-16.29,-2.66,-13.88,6.66,-0.1,-1.87,-0.52,7.92,-1.85,2.15,0.99
-16.38,5.77,-6.34,5.87,-3.41,2.56,-1.69,6.39,-3.84,6.95,-24.99,-8.47,-19.1,7.17,-0.39,0.94,-4.75,1.86,-1.9,2.13,-0.35
-15.08,7.28,-6.59,6.45,-4.53,3.72,-3.97,5.99,-6.93,3.78,-19.82,-14.37,-19.72,7.58,-2.2,3.94,-7.18,-1.45,-1.54,1.72,-1.83
-11.88,8.61,-4.2,7.22,-4.02,3.52,-3.47,5.29,-6.63,2.71,-16.93,-12.35,-17.22,7.82,-1.34,3.86,-5.59,-3.02,-0.5,1.74,-1.93
-13.31,7.92,-1.17,6.52,-3.27,2.49,-3.21,4.82,-6.39,5.63,-18.41,-5.69,-12.41,7.48,-0.62,2.32,-4.9,2.97,-0.84,1.79,-2.01
-17.6,6.78,-1.42,7.2,-3.04,2.26,-1.92,5.07,-4.82,7.08,-16.85,-2.54,-15.19,9.03,0.93,1.29,-1.59,4.17,-1.25,2.52,-1.2
-20.5,5.24,-3.74,8.09,-4.21,3.31,-1.35,8.9,-3.11,12.63,-16.62,-3.21,-19.01,10.93,0.64,7.4,0.1,10.29,-2.93,2.57,-0.01
-20.31,6.12,-3.79,8.81,-4.34,3.96,-0.8,9.62,-3.18,12.47,-11.21,-3.05,-12.81,11.86,0.36,8.63,-1.08,10.18,-2.74,3.2,1.13
-16.43,6.94,-2.43,8.25,-4.34,4.02,-1.38,10.53,-3.32,11.12,-7.94,-1.81,-6.97,12.69,-0.24,11.8,-2.85,8.97,-2.76,1.98,1.35
-8.06,10.09,-0.79,8.59,-4.43,4.05,-1.36,10.81,-3.6,10.85,-12.03,-3.32,-6.91,12.63,1.92,11.22,-4.03,8.2,-1.58,1.7,2.09
-2.26,11.63,0,7.94,-3.99,2.87,-1.15,10.18,-1.62,9.94,-12.09,0.28,-2.74,11.62,2.54,7.55,-2.85,7.01,-0.85,1.26,2.09
5.37,17.03,-0.67,8.57,-3.93,2.71,-1.64,9.57,-2.38,9.89,-11.58,-1.46,-7.19,11.57,1.17,3.93,-3.1,6.76,0.61,1.52,2.01
13.69,25.48,-0.31,10.86,-4.82,3.77,-4.64,8.08,-7.45,6.64,-13.36,-5.36,-9.49,13.06,-1.42,2.81,-7.59,5.88,3.27,1.16,0.01
22.38,32.11,1.28,12.04,-4.65,3.81,-6.88,6.03,-10.17,1.73,-24.69,-8.17,-7.71,14.66,-2.2,3.93,-9.2,2.43,5.21,0.38,-1.92
33.62,43.43,2.15,15.68,-4.86,4.73,-10.42,2.63,-16.85,-6.6,-28.09,-13.65,-8.58,17.71,-7.16,4.4,-16.12,-4.45,9.01,0.76,-4.71
45.53,56.54,2.64,19.81,-5.41,5.01,-13.75,0.93,-21.27,-10.04,-31.43,-17.55,-11.03,20.67,-10.36,2.43,-21.87,-8.14,12.49,0.95,-6.62
57.96,69.49,4.79,23.14,-4.82,4.72,-16.09,-1.46,-25.85,-14.65,-32.05,-23.72,-9.75,22.4,-13.65,1.24,-25.62,-15.11,15.88,1.16,-8.92
73.28,84.14,9.7,26.17,-3.8,3.4,-18.86,-5,-30.21,-18.46,-33.29,-29.75,0.81,22.16,-17.82,-1.9,-28.84,-16.5,20.25,-0.26,-11.72
90.76,100.02,9.8,29.53,-4.58,3.76,-19,-6.5,-30.51,-19.09,-48.14,-31.67,-6.38,24.15,-16.42,-5.22,-28.1,-16.93,23.98,-0.36,-12.33
101.18,110.84,8.38,31,-5.13,4.77,-16.96,-5.34,-25.07,-16.96,-52.73,-37.69,-9.83,25.48,-12.68,-3,-23.45,-15.68,25.05,-0.9,-11.17
103.4,114.96,8.76,30.36,-4.7,4.13,-17.21,-5.95,-27.32,-17.3,-58.64,-44.15,-9.95,23.23,-11.52,-6.28,-26.84,-16.02,24.52,-1.71,-11.43
109.19,119.59,8.99,29.89,-4.22,2.95,-15.81,-6.01,-23.71,-15.67,-52.01,-45.86,-5.79,22.84,-12.35,-9.9,-25.14,-16.12,24.73,-1.99,-10.84
114.24,126.79,10.9,30.25,-3.36,2.81,-16.81,-6.51,-26.95,-16.28,-47.42,-43.37,-1.79,27.2,-11.3,-7.46,-28.98,-18.12,25.01,-3.93,-12.13
111.66,124.2,10.31,29.78,-3.24,2.23,-17.03,-8.01,-28.55,-18.85,-56.77,-46.22,0.22,26.64,-11.03,-6.37,-29.4,-20.04,23.64,-4.45,-13.58
111.53,121.06,9.91,30.31,-2.83,2.33,-15.22,-8.74,-27.55,-19.38,-55.11,-44.86,-1.98,26.59,-7.74,-3.81,-25.08,-19.98,23.07,-3.61,-13.57
107.88,121.67,8.05,31.59,-3.8,3.9,-13.83,-6.97,-23.15,-16.03,-48.85,-39.59,-6.73,30.5,-10.5,-1.76,-21.75,-15.09,23.47,-2.36,-11.91
96.08,115.4,6.85,30.73,-4.23,3.69,-13.8,-6.09,-21.96,-13.27,-41.1,-33.97,-7.85,29.31,-12.85,-4.3,-20.93,-11.05,22.62,-2.05,-10.87
90.63,112.61,6.52,30.67,-4.79,4.27,-14.56,-5.17,-21.15,-11.56,-34.3,-23.51,-7.4,31.09,-16.72,-5.21,-22.63,-11.49,22.49,-1.74,-9.1
86.2,107.59,5.44,29.12,-5.73,4.85,-15.01,-3.1,-19.53,-7.17,-31.07,-19.01,-10.1,33.31,-17.7,-2.65,-22.91,-9.75,21.33,-1.7,-8.01
77.76,96.94,4.44,25.86,-5.4,4.19,-14.25,-2.04,-17.94,-2.6,-30.59,-15.59,-12.23,30.84,-14.4,-2.8,-22.18,-4.63,18.67,-1.84,-7.27
68.17,87.73,4.45,24.43,-5.63,4.48,-13.54,-1.09,-17.31,-1.71,-35.77,-12.72,-12.35,31.04,-12.2,1.2,-21.23,-3.44,16.59,-1.45,-7.33
58.04,77.82,4.82,22.87,-5.28,4.51,-13.45,-0.87,-17.7,-2.3,-33.77,-11.63,-11.62,29.52,-11.62,2.12,-20.97,-1.16,15.68,-1.32,-8.26
50.38,71.89,4.2,22.06,-6.05,4.96,-12.29,-0.31,-17.31,-1.64,-28.11,-11.4,-12.99,27.9,-11.61,2.49,-20.25,0.87,14.85,-1.37,-7.81
40.59,62.84,2.87,20.77,-6.62,5.7,-9.96,1.36,-13.71,-1.24,-28.7,-11.47,-16.96,25.31,-11.73,4.8,-17.74,-0.84,13.33,-0.14,-5.47
32.77,53.4,2.66,18.24,-5.87,5.26,-8.12,1.22,-12.54,-1.16,-29.3,-10.48,-19.48,22.08,-10.39,4.74,-15.68,-2.76,11.17,0.71,-3.81
25.84,45.6,4.04,15.65,-4.04,3.72,-8.52,-0.02,-14.14,-1.12,-29.98,-9.5,-15.45,19.77,-6.35,2.76,-16.9,-2.02,9.7,0.49,-4.26
18.11,40.58,3.56,15.54,-4.01,3.31,-8.19,0.36,-12.86,-0.82,-25.11,-7.48,-15.44,19.69,-8.17,1.97,-14.86,-1.34,9.58,0.91,-3.91
11.59,34.18,1.77,15.51,-4.76,3.8,-8.65,1.12,-12.41,-1.65,-21.61,-8.31,-16.7,20.33,-9.62,2.58,-13.81,-1.87,8.33,0.67,-4.46
9.07,29.04,0.99,14.7,-4.85,4,-8.47,1.02,-11.44,-2.03,-16.23,-4.82,-16.47,20.62,-8.78,3.99,-12.9,-1.95,6.89,0.11,-4.68
4.55,25.3,-0.71,13.49,-5.67,4.65,-8.39,1.65,-9.04,-2.73,-14.27,-4.99,-18.59,20.86,-10.31,6.75,-10.85,-4.12,4.88,-0.74,-4.74
2.53,21,-0.09,11.19,-4.86,3.76,-7.86,0.2,-8.3,-3.17,-17.6,1.52,-18.66,18.24,-8.36,3.15,-10.07,-0.99,4.27,-1.15,-4.62
-0.92,17.78,1.64,8.9,-3.86,2.4,-7.61,-0.88,-10.13,-2.61,-14.42,4.58,-17.04,15.76,-6.14,-1.89,-11.41,0.64,3.29,-0.88,-4.81
-3.98,14.7,2.45,7.41,-3.6,1.52,-7.11,-0.07,-10.67,-1.27,-11.48,-0.56,-16.1,14.19,-6.17,-1.65,-10.29,3.59,2.33,-0.62,-4.48
-9.8,12.64,1.63,7.22,-3.9,2.28,-6.25,1.53,-10.23,0.78,-11.74,1.74,-17.02,16.09,-6.34,2.04,-9.22,5.14,1.2,0.3,-3.95
-14.22,8.52,-0.16,5.52,-4.08,2.85,-4.26,3.29,-6.5,3.96,-10.73,2.05,-16.23,16.44,-3.93,6.78,-5.72,6.18,-2.19,-0.26,-3.08
-15.84,3.57,-1.53,4.37,-3.64,2.8,-2.36,5.09,-4.68,5.65,-11.82,5.06,-14.74,16.95,-1.57,8.82,-6.29,5.43,-4.87,-0.71,-1.63
-19.81,1.68,-1.89,3.21,-3.4,2.99,1.15,7.92,-0.22,9.67,-11.48,6.95,-15.94,16.68,0.31,7.78,-5.28,7.48,-5.91,-0.23,1.71
-22.43,-0.8,-3.25,2.36,-4.39,3.22,4.35,10.59,6.3,13.93,-13.17,3.99,-20.3,16.8,-1.01,8.65,-1.01,10.47,-6.72,0.42,5.41
-23.84,-1.95,-4.16,2.14,-4.67,3.96,4.8,12.19,6.27,15.54,-16.23,5.14,-21.91,16.53,-2.68,10.89,-1.36,10.61,-6.78,0.99,6.64
-25.66,-2.05,-4.6,2.8,-5.13,4.47,1.81,10.74,-0.16,8.92,-20.64,5.39,-23.7,17.59,-3.37,12.74,-4.79,1.93,-5.77,1.18,4.48
-27.15,-4.87,-4.67,2.46,-4.94,4.38,0.71,8.61,-3.84,7.14,-16.49,4.64,-23.69,13.84,-2.58,10.11,-7.87,5.29,-6.08,1.14,3.05
-27.61,-5.23,-3.83,2.53,-4.6,4.03,0.27,7.4,-5.37,5.52,-15.61,6.19,-24.04,12.2,-2.26,7.66,-8.23,6.12,-5.97,1.61,1.94
-28.53,-4.23,-2.89,3.44,-3.92,3.9,1.46,6.55,-2.83,5.53,-9.69,3.49,-21.61,12.61,-0.48,6.59,-5.62,6.48,-4.87,2.42,2.02
-32.66,-5.41,-2.7,1.4,-3.5,3.17,3.03,6.24,1.07,7.5,-9.39,4.21,-17.83,11.25,2.42,8.32,-2.72,7.61,-5.9,1.21,2
-34.11,-6.71,-2.96,0.04,-2.92,3.02,3.61,8.49,3.51,12.46,-5.45,10.05,-12.6,13.1,5.76,15,0.12,13.89,-6.2,-0.04,2.01
-32.34,-3.49,-2.22,0.56,-2.84,2.8,4.55,8.1,5.68,10.62,2.93,15.74,-10.31,15.11,5.94,14.28,3.47,9.18,-4.95,0.15,1.76
-30.71,-4.51,-0.81,-0.33,-2.42,2.99,3.96,9.34,3.66,14.33,5.61,17.84,-7.17,16.16,6.54,16.96,1.97,13.71,-5.34,-0.56,0.98
-25.64,-3.43,-1.24,0.11,-2.25,2.74,2.97,9.02,3.59,16.57,1.63,16.34,-7.92,16.38,5.48,16.06,1.22,16.78,-4.75,-0.14,0.79
-24.53,-2.7,-0.53,0.03,-2.07,1.9,2.49,6.95,4.08,15.85,1.83,19.48,-9.04,16.32,6.69,12.27,1.86,15.65,-4.41,-0.01,-0.9
-22.66,-4.06,0.52,0.29,-2.25,2.16,2.53,7.1,3.95,16.71,-0.14,20.87,-10.22,15.86,6.01,11.45,1.41,17.45,-3.71,-0.36,-0.83
-24.06,-3.63,0.6,1.02,-3.46,2.87,2.19,7.55,5.33,16.98,-0.02,20.67,-11.56,17.19,4.63,12.66,3.94,14.85,-4.08,-0.63,-0.66
-25.59,-3.22,0.4,1.55,-3.91,3.93,2.69,8.3,5.66,20.49,5.23,18.63,-13.56,16.47,2.1,11.98,4.89,18.83,-3.41,-0.12,0.37
-27.53,-3.42,-0.72,1.43,-5.13,4.63,1.84,8.2,3.86,19.09,2.04,15.88,-13.13,17.11,0.05,13.56,3.46,16.19,-4.24,-0.07,0.23
-27.1,-4.78,-1.72,0.61,-4.93,4.39,2.23,8.39,2.18,18.83,2.53,14.49,-11.29,15.97,0.79,14.54,2.42,15.35,-5.13,-0.29,0.37
-28.14,-6.73,-1.32,-0.47,-3.67,3.31,2.65,7.38,-0.67,16.47,1.13,11.75,-11.82,13.55,2.43,12.08,-0.1,17.01,-5.43,-0.09,-0.11
-30.57,-11.36,-0.67,-1.56,-2.67,2.14,4.01,6.91,-0.81,14.59,-3.39,13,-13.42,11.53,4.88,10.64,0.71,16.15,-6.34,-0.18,0.48
-30.93,-12.97,-0.2,-1.78,-2.31,1.82,4.23,6.11,-1.64,10.64,-5.11,12.44,-9.35,11.58,6.5,9.64,0.93,8.98,-7.04,-0.63,0.68
-29.56,-12.54,0.9,-1.74,-1.88,1.05,3.47,4.33,-2.84,8.8,-3.94,3.6,-6.1,8.58,9.04,6.7,0.19,7.89,-6.97,-1.17,0.75
-29.84,-11.42,3,-0.97,-1.73,0.8,1.68,3.46,-3.54,6.86,-2.69,5.69,-5.26,6.54,7.27,5.13,-0.17,7.11,-6.26,-1.04,-0.22
-29.54,-9.67,1.71,1.24,-2.31,1.69,0.72,3.87,-3.58,4.59,-6.2,0.89,-7.91,7.99,5.75,6.66,-0.6,4.74,-4.97,-0.44,-0.62
-29.65,-10.69,1.43,2.06,-2.03,2.07,2.2,3.92,0.14,5.58,-5.36,2.93,-11,6.77,3.83,6.12,3.94,5.91,-3.03,1.02,0.15
-31.62,-11.32,0.36,1.71,-2.14,2.03,2.19,3.68,1.96,4.66,-6.21,6.53,-13.34,9.27,3.61,7.02,5.06,3.64,-2.49,1.48,-0.13
-30.19,-12.67,-1.6,1.19,-2.92,2.09,1.49,4.21,-1.24,6.32,-2.68,11.13,-12.5,9.97,2.5,7.54,0.57,6.68,-2.56,1.63,-0.37
-29.22,-12.47,-1.08,1.19,-3.34,2.64,1.07,4.96,-3.98,6.7,1.94,14.58,-10.6,10.75,1.72,7.94,-2.04,7.92,-3.11,1.53,-0.54
-31.36,-16.59,-0.36,-0.42,-3.11,2.42,0.32,4.33,-5.54,4.87,-2.37,9.15,-8.68,8.8,3.02,7.96,-2.84,6.96,-5,1.04,-1.59
-32.84,-17.93,-1.22,-0.2,-3.96,4.03,-1.17,6.08,-9.8,4.12,-9.31,6.99,-11.13,10.23,-0.89,12.96,-7.83,7.21,-6.22,1.12,-1.2
-35.25,-20.11,-1.54,-1.38,-3.74,3.59,0.07,6.7,-7.44,6.55,-7.73,7.55,-11.29,8.23,-0.27,10.23,-6.13,10.5,-7.57,1.03,1.15
-33.5,-17.61,-1.5,-0.3,-4.55,4.6,-0.52,6.9,-9.52,5.47,-3.94,11.08,-12.9,9.47,-3.17,8.15,-9.39,7.95,-6.37,2.11,2.21
-34.57,-15.14,-1.89,1.07,-4.89,4.8,-0.51,6.04,-9.69,5.5,-5.02,9.97,-13.64,9.84,-4.56,6.37,-7.92,7.74,-5.28,3.13,2.35
-32.32,-13.77,-1.49,2.32,-4.28,4.57,-0.3,5.71,-9.82,7.26,0.23,14.08,-13.2,11.03,-5.15,6.69,-8.42,9.59,-3.69,3.52,2.02
-29.49,-14.34,-0.59,2.19,-3.05,3.45,0.68,3.78,-8.27,2.98,-0.93,15.15,-12.57,11.49,-1.36,5.97,-6.23,4.47,-2.86,3.13,0.78
-29.9,-16.6,-0.47,0.22,-2.34,1.85,2.42,3.51,-4.83,3.45,1.62,13.12,-13.04,10.82,1.17,7.2,-2.61,4.55,-3.5,2.54,1.41
-29.36,-15.21,0.67,-0.78,-1.6,1.27,2.17,3.56,-6.23,3.62,4.08,10.46,-8.88,10.76,0.94,6.95,-3.99,5.43,-4.14,2.06,1.88
-31.44,-17.04,0.84,-1.8,-2.04,1.62,1.92,4.32,-6.56,1.27,2.54,19.92,-7.64,11.31,0.52,8.43,-3.97,0.91,-4.97,2.07,1.54
-32.61,-17.66,-0.77,-2.13,-3.01,2.32,2.08,5.05,-5.31,1.92,-2.1,14.11,-7.59,10.39,1.46,10.19,-1.67,3.23,-5.96,1.64,0.66
-30.94,-15.04,-1.43,-0.45,-4.02,3.9,2.2,6.78,-4.05,4.25,-2.35,15.57,-8.67,11.54,1.06,12.43,-0.28,8.52,-4.65,1.74,1.05
-29.91,-11.95,-1.51,1.28,-4.76,4.13,2.43,6.75,-3.36,3.75,-0.45,15.93,-10.81,11.75,-0.07,11,-0.39,8.77,-2.64,1.33,1.15
-26.67,-10.26,-0.9,2.54,-4.18,3.9,2.52,6.14,-2.89,3.5,-3.27,12.48,-10.33,11.05,0.23,8.32,-1.03,9.14,-0.86,1.78,1.73
-27.8,-10.67,-0.87,1.97,-3.7,3.01,2.5,3.83,-2.47,1.75,-1.53,7.52,-10.43,9.96,0.53,4.78,-1.28,5.7,-1.28,1.96,1.73
-28.05,-13.83,1.41,0.9,-1.92,1.5,3.17,1.76,-1.43,0.7,-1.63,11.78,-8.94,7.86,2.57,1.73,-0.22,2.82,-1.52,2.31,0.73
-30.11,-18.71,0.54,-1.46,-1.78,0.92,3.93,1.69,2.31,1.84,-0.97,8.13,-10.34,6.19,4.11,1.73,3.28,4.25,-3.58,2.01,0.34
-30.61,-16.2,-0.36,-0.88,-2.44,2,3.38,3.96,-0.92,4.54,-0.83,11.9,-10.65,8.26,1.89,6.82,-0.26,9.17,-3.35,2.15,1.04
-31.01,-13.9,-0.78,0.11,-2.49,2.94,2.22,6.19,-4.95,6.61,1.64,14.69,-9.72,10.88,-1.47,10.7,-3.71,12.98,-2.76,2.61,1.12
-29.44,-12.32,-1.24,0.83,-2.55,2.9,-0.33,6.68,-9.73,8.23,-2.82,19.25,-9.18,11.71,-3.17,12.6,-7.82,16.53,-2.13,2.36,-0.57
-26.64,-11.85,0.57,1.84,-1.51,1.95,-1.78,2.85,-12.71,2.54,0.49,18.01,-7.7,9.87,-1.55,7.55,-11.1,8.73,-0.62,2.19,-2.84
-24.02,-12.43,1.7,2.59,-1.59,1.64,-2.78,1.65,-11.53,1.29,0.55,17.1,-9.57,9.23,-3.67,4.96,-9.87,5.57,0.42,2.33,-3.44
-25.29,-14.07,2.45,2.23,-1.21,0.92,-2.59,0.24,-9.39,0.16,-0.2,15.18,-11.25,7.86,-3.05,2.05,-8.38,3.41,0.86,2.72,-3.32
-27.8,-13.34,1.6,2.39,-1.66,1.41,-0.92,1.93,-7.06,2.16,-2.33,14.46,-12.16,8.33,-2.87,5.55,-7.62,5.53,-0.08,3.03,-2.13
-28.21,-15.44,-0.14,2.1,-2.5,2.09,-0.73,3.93,-7.68,3.71,-4.78,11.43,-14.65,8.05,-2.21,11.46,-9.1,7.87,-1.67,3.2,-1.22
-28.66,-16.99,0.43,1.03,-1.7,2.01,0.95,3.69,-7.15,5.01,-8.45,6.17,-12.9,7.78,-0.68,13.82,-6.95,10.68,-2.29,3.79,-0.38
-26.14,-17.62,1.87,0.1,-0.41,0.89,2.97,2.29,-4.08,5.56,-6.62,10.02,-8.44,7.22,1.51,10.58,-2.19,10.78,-2.18,3.73,0.64
-23.68,-16.04,3.25,0.2,0.16,0.29,3.96,2.61,-2.69,6.97,1.17,9.51,-3.7,8.62,2.84,9.91,1.32,13.41,-1.8,2.87,1.68
-23.22,-16.07,3.41,-0.51,0.83,-0.11,5.11,3.7,-1.48,9.48,5.95,18.88,-2.12,8.87,3.94,9.26,4.32,15.36,-2.15,2.79,3.01
-25.84,-17.15,2.51,-1.09,0.62,-0.49,5.23,2.88,-1.91,8.2,5.94,18.91,-3.92,6.94,5.91,5.53,3.14,13.3,-2.83,2.59,2.69
-28.23,-18.19,1.38,-0.73,-1.58,0.98,3.04,3.42,-4.23,6.7,2.93,14.42,-8.22,6.83,4.23,6.08,0.14,10.63,-3.19,1.61,1.45
-26.93,-18.93,2.16,-0.8,-2.12,1.85,2.29,3.87,-5.99,4.94,2.84,13.41,-9.18,6.02,3.66,6.57,-1.78,6.29,-2.69,1.48,1.06
-23.26,-15.92,2.79,-0.07,-2.02,1.84,2.62,3.49,-5.94,4.41,5.09,15.9,-9.19,7.89,2.41,6.05,-1.83,7.51,-1.48,1.6,0.44
-19.82,-12.35,4.24,1.56,-1.31,0.91,2.7,3.17,-5.45,4.86,13.33,19.24,-7.96,9.94,2.71,6.36,-0.17,12.37,-0.03,1.17,-0.39
-17.52,-9.03,4.99,3.62,-0.57,-0.02,2.12,2.59,-6.89,3.38,13.82,19.77,-6.14,11.23,2.57,7.5,-1.15,11.85,1.62,1.17,-1.92
-19.19,-8.81,3.66,4.13,-1.14,0.25,0.99,2.95,-6.12,1.83,8.92,13.93,-6.88,12.84,1.67,10.67,-0.9,11.3,1.34,1,-2.62
-19.02,-8.91,3.48,4.47,-1.9,1.06,-1.24,4.01,-7.62,1.9,4.67,14.28,-4.6,14.02,0.94,12.05,-4.17,11.09,0.48,0.39,-2.41
-19.95,-9.76,3.14,4.65,-2.53,1.8,-2.61,4.14,-10.46,0.97,1.71,14.24,-1.97,15.85,1.29,10.43,-7.86,10.31,-0.08,-0.39,-2.2
-19.31,-10.57,2.12,4.16,-2.68,2.74,-3.06,3.79,-12.43,0.26,4.81,19.2,-3.76,13.51,-2.64,9.56,-11,10.49,-0.1,0.04,-1.38
-18.95,-11.62,2.26,3.87,-1.28,2.26,-2.67,2.38,-13.44,0.11,3.04,20.17,-4.87,12.01,-3.99,6.02,-11.18,12.12,0.42,1.09,-0.99
-20.22,-14.33,3.09,2.59,-0.49,1.4,-0.65,1.08,-9.98,-0.43,-0.26,21.72,-6.58,10.37,-3.74,4.95,-6.32,9.86,0.35,1.6,-0.61
-23.15,-15.36,3.3,0.56,0.23,0.03,1.91,1.17,-4.96,1.12,6.75,17.7,-8.61,9.94,0.14,5.28,-2.15,10.63,-0.56,1.84,-0.06
-27.11,-15.13,3.83,-1.05,0.55,-0.64,2.67,1.22,-3.15,0.31,3.53,19.37,-9.07,10.14,3.64,6.88,0.3,8.55,-1.98,1.22,-0.59
-27.85,-15.21,1.8,-0.83,-0.63,0.58,1.91,2.37,-3.02,-0.51,6.67,16.67,-10.59,11.11,2.78,9.94,-0.55,5.67,-2.28,0.75,-0.96
-26.58,-14.86,-0.09,-0.47,-1.38,1.35,0.49,3.01,-4.98,-1.02,6.13,12.72,-9.51,9.69,0.99,9.91,-3.08,6.09,-1.89,0.42,-1.74
-24.18,-15.57,-0.41,-0.4,-1.23,0.89,0.85,3.21,-4.49,0.61,6.35,13.77,-7.19,6.86,0.63,7.8,-2.98,9.37,-1.83,0.47,-1.29
-23.51,-18.03,0.57,-0.94,-0.93,0.46,1.66,1.91,-4.17,0.44,5.93,8.08,-3.63,4.69,2.46,5.16,-2.51,8,-2.38,0.01,-2.06
-23.46,-17.37,1.23,-1.01,-1.5,0.3,2.36,2.2,-1.59,1.76,10.33,4.53,-3.97,4.17,1.63,4.91,-1.12,8.29,-2.67,-0.29,-1.42
-26.8,-19.62,1.85,-3.1,-0.61,-0.84,4.15,0.7,0.72,0.98,10.42,0.94,-4.64,1.18,2.58,1.88,1.47,4.1,-4.04,0.04,-0.81
-27.82,-20.44,0.19,-3.05,-0.51,0,5.64,3.27,3.68,5.37,6.89,-0.7,-7.61,2,2.02,5.01,3.86,9.65,-4.28,0.99,1.33
-24.39,-21.16,0.68,-2.55,0.65,-0.58,5.55,1.33,3.77,2.25,8.02,0.14,-7.68,1.47,2.76,2.55,3.97,6.26,-2.95,1.85,1.66
-24.49,-21.04,1.14,-2.61,2.18,-2.45,5.29,-0.66,1.5,0.55,5.92,5.66,-5.64,0.96,5.72,0.37,2.24,5.75,-2.94,1.49,0.74
-24.29,-19.35,1.11,-1.91,1.87,-2.39,3.52,-1.67,-2.61,-1.74,-1.8,7.3,-4.98,2.44,4.38,0.94,-1.55,5.33,-3.17,0.88,-0.83
-23.05,-18.51,-0.66,-1.12,0.4,-1.3,0.82,-1.95,-6.7,-5.75,-6.77,8.06,-6.37,4.22,1.38,4.16,-4.8,0.32,-4.15,-0.17,-2.84
-24.37,-17.18,-2.09,-0.24,-0.86,-0.06,0.07,-1.42,-8.96,-7.94,-6.53,8.72,-8.7,6.2,-1.41,5.75,-6.96,0.78,-4.25,-1,-4.09
-26.46,-17.6,-3.09,0.41,-1.24,0.67,0.91,-0.78,-7.56,-8.83,-7.35,6.42,-11.02,7.94,-1.42,9.81,-6.03,2.25,-4.9,-1.41,-3.89
-26.75,-18.61,-1.33,-0.1,-0.34,-0.24,1.84,-1.51,-4.81,-9.24,-9.44,5.15,-9.86,6.08,-0.53,7.46,-4.12,2.05,-4.71,-1.59,-3.68
-25.9,-17.57,0.72,-0.08,0.68,-1.01,2.67,-1.94,-4.35,-7.66,-6.1,5.09,-8.81,5.29,0.41,4.97,-3.6,1.5,-4,-1.15,-3.4
-26.13,-17.61,0.95,-0.38,0.51,-0.79,2.38,-1.43,-4.08,-3.8,-6.78,5.05,-12.48,5.08,-0.93,5.37,-4.21,1.94,-4.25,-1.74,-2.96
-25.61,-18.1,2.46,-0.82,0.27,-0.91,2,-0.66,-4.56,0.04,-4.57,8.74,-8.4,4.32,-3.6,3.45,-4.49,7.11,-4.03,-1.98,-2.22
-26.35,-17.54,2.61,0.45,-0.36,0.11,1.82,1.81,-3.98,4.04,-0.15,13.14,-7.65,7.36,-5.74,6.08,-3.33,10.03,-3.44,-1.38,-1.59
-24.48,-14.38,2.44,3.19,-0.75,1.26,0.92,1.62,-4.75,1.86,2.01,8.34,-7.76,12.6,-5.18,7.93,-3.1,6.73,-2.6,-1.17,-1.94
-21.2,-10.62,0.91,4.41,-1.98,1.85,0.11,1.55,-5.07,2.15,1.71,11.34,-9.17,12.36,-5.5,9.98,-2.67,9.39,-1.27,-0.72,-2.57
-19.42,-8.03,-0.19,5.28,-2.54,2.64,-0.68,1.17,-7.93,0,-3.58,15.53,-10.71,13.14,-4.14,11.18,-5.88,8.69,-0.29,-0.43,-2.93
-20.22,-9.52,-0.6,4.9,-1.82,2.17,-0.58,-0.5,-8.87,-2.69,2.85,15.58,-12.34,10.45,-3.58,10.89,-7.97,8.03,0.48,-0.35,-3.18
-21.87,-9.53,-0.23,4.75,-1.06,1.47,-0.23,-0.92,-8.35,-2.94,4.29,14.61,-11.1,10.32,-2.53,10.55,-8.78,9.78,0.5,-0.11,-3.23
-21.76,-9.21,-0.03,4.09,-0.55,0.75,0.5,-0.59,-6.74,-2.57,0.78,17.78,-10.09,12.69,-1.42,11,-7.52,8.72,-1.38,-0.14,-2.5
-20.94,-8.92,-0.12,3.44,-0.78,0.6,2.34,0.41,-4.55,-0.4,-1.01,15.5,-11.7,13.77,-0.59,9.52,-4.08,8.05,-3.3,0.27,-1.23
-22.01,-9.61,-1.12,2.78,-1.51,1.37,1.92,1.38,-5.92,0.64,-0.28,15.14,-15.48,12.41,-3.52,8.51,-4.49,7.39,-4.3,0.63,-0.8
-22.25,-11.52,-0.9,2.02,-2.4,2.14,2.05,4.58,-5.6,5.78,0.14,15.02,-15.15,11.39,-4.11,12.97,-2.61,14.43,-4.88,-0.09,0.18
-21.29,-13.73,1.37,0.68,-1.32,1.24,3.52,3.57,-3.23,3.58,4.79,13.95,-11.82,9.34,-2.39,10.76,-0.21,9.91,-4.77,-0.72,0.59
-21.36,-15.13,2.47,-0.5,-0.27,0.29,5.5,3.17,0.41,3.3,7.62,15.3,-10.19,9.27,0.07,9.71,3.26,10.21,-5.15,-1.34,1.36
-20.82,-15.5,2.85,-1.48,0.76,-1.16,6.5,0.82,2.81,0.49,6.01,16.72,-8.33,8.14,4.43,6.46,6.27,8.48,-5.27,-2.62,1.02
-22.68,-15.79,2.47,-2.21,1.05,-1.55,6.33,0.02,2.16,-2.52,8.27,18.29,-7.3,7.71,5.24,6.9,5.32,5.99,-5.43,-3.17,0.5
-27.46,-20.36,2.91,-4.39,1.07,-1.79,5.23,1.17,1.66,-2.03,2.87,15.98,-6.4,6.66,5.41,9.52,3.08,8.04,-7.31,-3.75,0.29
-29.22,-20.36,3.75,-4.18,0.24,-0.62,2.9,2.3,-0.45,1.41,3.68,18.12,-9.77,7.76,-0.89,10.72,-0.62,13.24,-6.74,-2.72,0.36
-26.5,-20.13,2.56,-4.47,-0.17,0.41,1.46,2.54,-2.02,2.74,6.37,16.41,-11.59,8.33,-2.17,11.27,-3.14,14.49,-5.74,-2.25,-0.23
-24.97,-20.76,0.58,-4.08,-0.76,0.34,0.87,1.99,-2.74,3.17,0.39,21.18,-9.99,7.94,-2.13,10.37,-3.57,14.31,-5.29,-1.99,-0.31
-22.27,-19.43,-1.16,-2.04,-1.36,0.74,1,1.71,-3.3,3.72,4.95,21.46,-12.46,8.68,-1.72,8.64,-2.87,13.13,-4.09,-0.85,0.35
-21.78,-18.1,-0.98,-0.64,-0.72,0.33,-0.46,0.81,-7.23,0.81,3.71,15.97,-9.55,9.86,2.38,9.89,-7.7,7.77,-3.89,-1.04,-0.55
-20.23,-18.36,-0.29,0.26,-1.04,0.69,-0.23,1.45,-6.63,-0.18,0.19,10.62,-10.08,6.92,-0.31,9.41,-6.14,5.87,-3.24,-0.41,0.39
-21.84,-19.03,0.57,-0.24,-1.25,0.74,0.16,2.82,-4.14,1.92,0.03,9.22,-12.92,5.13,-2.89,8.52,-3.29,8.01,-3.58,-0.31,1.63
-22.59,-19.85,1.6,-0.82,-0.99,0.41,1.22,2.56,-0.68,-0.54,1.46,8.07,-12.68,3.15,-3.6,6.42,1.47,2.67,-2.99,0.09,1.87
-22.92,-20.32,3.32,-0.73,0.11,-0.2,3.49,1.58,4.17,-1.74,1.84,7.71,-10.09,2.09,-1.37,4.26,7.98,2.2,-2.41,0.71,1.48
-22.43,-20.39,3.64,-0.2,0.21,-0.38,3.87,0.34,4.87,-3.78,4.11,12.27,-9.28,3.34,-0.48,3.58,7.87,0.68,-2.14,0.49,0.55
-22.14,-21.63,3.86,-0.25,0.66,-0.66,4.48,-1.1,6.11,-4.6,3.5,7.33,-9.86,2.59,0.74,3.1,8.43,0.54,-1.7,0.64,-0.33
-21.08,-22.05,2.58,0.46,0.62,-0.4,3.43,-1.23,4.19,-4.41,2.16,11.51,-12.54,3.28,-0.83,4.27,5.99,-0.32,-1.24,0.55,-1.06
-21.79,-23.82,1.71,-0.02,0.5,-0.74,3.02,-1.16,2.84,-2.78,-0.13,6.01,-13.55,1.67,-1.08,3.4,4.02,2.15,-1.69,-0.1,-1.12
-22.02,-25.2,2.39,-0.05,1.22,-1.5,1.95,-1.66,-0.04,-2.74,-0.27,6.1,-12.37,1.4,0.58,3.55,0.45,2.19,-1.63,-1.15,-1.09
-21.74,-24.68,1.95,0.02,0.06,-1.59,0.61,-1.53,-2.34,-3.59,-7.01,5.99,-13.52,2.6,-2.1,3.35,-2.28,3.14,-2.03,-2.05,-1.23
-21.95,-26.31,1.43,-0.25,-0.6,-1.05,-0.27,-0.6,-3.7,-4.41,-11.31,9.23,-15.17,3.97,-4.86,5.07,-3.55,5.02,-2.54,-2.44,-1.23
-21.41,-26.26,0.82,-0.19,-1.55,-0.29,0.08,1.12,-1.9,-3.35,-3.52,10.7,-14.43,6,-5.99,8.67,-1.59,6.04,-2.4,-2.38,-0.86
-17.86,-24.64,0.92,1.31,-2.76,1.23,-1.04,1.8,-4.92,-4.44,0.83,15.13,-13.12,10.28,-6.72,12.16,-3.33,4.49,-2.16,-2.96,-1.96
-16.84,-22.42,1.32,2.38,-3.2,2.18,-1.11,2.83,-4.97,0.28,6.72,14.57,-12.11,12.56,-7.07,12.45,-4.55,11.06,-1.59,-2.91,-1.55
-13.92,-22.33,3.03,2.68,-2.21,1.54,-0.22,0.69,-3.61,0.17,11.13,18.76,-8.43,12.82,-3.81,6.65,-4.07,11.91,-0.78,-3.15,-1.43
-11.94,-21.95,2.98,1.86,-1.39,0.69,0.98,0.44,-1.25,-0.24,13.34,18.03,-10.01,11.85,-1.78,5.83,-2.28,11.52,-1.11,-3.2,-0.34
-13.53,-22.23,3.51,1.93,-0.59,0.69,2.9,0.3,1.43,-1.97,14.53,22.58,-9.85,13.74,-0.31,6.37,-0.01,9.52,-0.94,-2.15,1.18
-16.31,-26.14,4.58,0.33,0.97,-0.67,5.41,0.05,4.57,-4.67,15.96,21.82,-5.89,11.52,1.73,6.84,3.88,5.83,-1.32,-1.52,2.34
-15.72,-28.55,4.99,-1.58,1.95,-2.36,5.53,-0.96,3.32,-7.38,15.73,14.85,-2.35,8.71,3.08,8.6,2.78,2.21,-2.38,-2.37,1.65
-15.35,-26.39,3.39,-1.82,1.37,-2.46,5.75,-0.46,2.59,-7.12,11.65,9.68,-2.52,8.75,2.81,10.42,1.41,4.44,-3.3,-2.9,0.55
-14.57,-23.8,2.15,-1.68,1.64,-2.61,7.35,-0.52,6.44,-6.11,8.41,15.5,-4.15,8.48,2.65,8.13,4.16,4.09,-3.18,-2.53,0.89
-13.89,-19.31,1.17,-0.14,1.21,-1.06,6.81,1.34,5.69,-5.04,11.84,23.38,-8.29,12.91,-0.45,9.38,2.18,1.15,-2.23,-2.2,1.45
-14.66,-18.42,1.76,-1.17,2.48,-1.16,7.09,1.54,6.5,-1.09,6.2,23.65,-7.61,11.34,-0.34,7.72,2.94,7.45,-2.11,-1.98,2.55
-16.58,-20.06,2.2,-3.33,2.65,-2.5,5.26,0.16,3.28,-0.78,6.1,19.78,-6.67,8.87,-0.39,7.06,0.42,6.43,-2.87,-2.91,1.22
-16.54,-21.37,3.1,-4.81,2.72,-2.92,3.42,-1.06,-1.69,-0.32,5.37,15.3,-7.12,6.77,-0.08,7.09,-3.66,6.56,-3.42,-3.32,-0.15
-14.75,-22.15,2.26,-5.17,2.43,-3.13,2.89,-2.53,-4.33,-1.85,6.45,7.12,-9.05,4.29,0.67,5.97,-6.55,4.35,-3.39,-2.56,-1.14
-14.51,-21.14,1.09,-3.89,1.2,-2.16,2.12,-1.62,-5.94,-3.35,2.08,3.13,-13.38,3.96,-1.84,7.55,-8.86,0.99,-2.21,-1.6,-0.88
-15.85,-17.98,0.45,-2.42,0.12,-0.96,1.67,-0.05,-4.83,-2.91,1.49,6.66,-14.28,4.55,-4.93,6.91,-8.9,1.16,-1.39,-0.93,0.16
-18.53,-15.28,-0.02,-1.87,-0.57,-0.7,1.39,1.34,-3.36,0.7,-3.8,6.97,-11.83,4.36,-5.32,6.46,-7.52,6.59,-1.2,-0.77,0.7
-19.87,-14.33,1.07,-2.8,0.4,-1.85,1.58,-0.47,-2.96,-1.47,-1.6,8.31,-6.4,1.83,-2.01,3.64,-6.66,3.47,-1.55,-1.07,-0.15
-21.28,-15.2,1.34,-4.38,1.37,-2.18,2.94,-1.77,-1.51,-3.43,-4.49,4.07,-3.66,1.21,2.74,4,-3.72,-0.54,-2.9,-1.33,-1.16
-20.65,-13.65,1.08,-4.32,1.69,-2.55,3.86,-2.07,-0.48,-3.8,-1.01,8.14,-8.33,3.11,1.32,3.36,-2.93,-0.81,-3.64,-1.52,-1.56
-19.92,-10.76,0.95,-4.54,2.33,-2.75,3.86,-2.32,1.19,-4.03,-0.72,4.94,-12.59,2.73,0.47,3.17,-0.8,0.4,-3.34,-2.02,-2.12
-18.55,-11.04,1.44,-4.76,2.02,-3.03,3.27,-2.54,1.11,-2.04,0.85,10.45,-13.05,3.36,-1.96,2.41,-0.58,3.94,-3.33,-2.53,-2.49
-18.15,-8.49,1.62,-3.99,1.76,-3,2.8,-2.46,1.18,1.03,2.66,12.53,-10.61,4.29,-1.69,2.31,1.9,8,-2.6,-2.81,-2
-14.33,-8.32,1.45,-3.15,1.15,-2.08,2.63,-2.14,0.9,1.07,7.68,15.34,-6.88,4.77,-2.75,2.66,2.86,5.45,-1.58,-1.95,-0.76
-13.41,-8.43,0.74,-2.34,0.74,-0.89,0.7,-2.28,-2.95,0.43,3.82,14.35,-6.26,5.2,-3.21,4.82,-2.14,4.43,-1.74,-1.19,-0.26
-15.28,-6.01,-0.92,-1.39,-0.04,0.02,-0.01,-1.08,-3.6,0.2,0.64,15.17,-10.28,7.39,-3.66,7.92,-2.93,4.75,-2.8,-0.72,0.1
-20.23,-5.78,-0.65,-1.59,0.09,-0.3,0.01,-1.24,-3.33,-0.56,0.72,12.47,-15.11,6.89,-4.45,6.8,-4.17,6.24,-4.28,-0.96,-0.11
-23.55,-5.61,-0.41,-1,0.91,-0.51,1.52,-1.31,-0.67,-2.59,-4.94,14.69,-14.64,7.97,-3.95,6.18,-2.36,1.75,-4,-0.99,0.78
-23.66,-5.28,-2.04,-0.53,1,-0.86,2.8,-1.29,1.29,-3.69,-6.95,8.62,-15.64,8.16,-2.78,5.9,-0.79,0.14,-4.2,-1.43,1.73
-20.2,-4.44,-3.19,0.04,0.16,-0.34,3.86,-0.1,3.91,-3.25,-5.42,8.33,-16.85,9.81,-3.1,9.05,1.18,2.76,-3.28,-1.31,2.71
-17.46,-2.62,-3.47,1.11,-0.53,-0.01,3.32,-0.39,2.02,-3.59,-2.9,10.32,-15.34,9.44,-2.22,8.89,-1.41,4.34,-1.75,-0.56,1.95
-18.24,-2.58,-2.7,0.99,-0.45,-0.27,4.35,-1.36,3.65,-3.96,-0.94,13.92,-13.51,9.57,0.95,8.7,1.81,6.54,-1.39,-0.3,1.51
-16.94,-4.47,-0.29,-0.51,0.08,-0.53,5.32,-2.3,4.36,-4,2.13,8.78,-11.47,7.65,4.57,8.96,3.65,7.65,-2.07,-0.73,0.28
-15.74,-3.72,2.01,-0.91,1.05,-0.93,5.57,-4.03,4.89,-6.08,3.61,14.16,-8.68,7.54,5.09,6.79,5.97,6.72,-2.06,-1.17,-1.14
-13.65,-2.58,3.59,-0.63,1.68,-1.43,4.86,-5.61,5.02,-9.13,5.59,13.35,-7.47,6.6,2.17,4.8,7.77,5.5,-1.4,-1.34,-2.52
-13.86,-0.75,3.76,0.03,1.93,-2,4.91,-6.72,5.35,-11.23,6.31,15.2,-8.18,5.41,2.91,3.8,8.72,2.37,0.31,-1.27,-2.95
-14.1,-1.2,3.78,-0.24,1.96,-2.21,4.24,-5.45,4.25,-10.08,7.18,13.11,-7.79,6.36,3,6.08,7.47,3.19,0.75,-2.04,-2.84
-12.23,-1.84,3.75,-1.3,2.04,-2.65,5.58,-4.53,6.81,-8.51,4.41,14.17,-6.06,5.87,3.75,6.71,8.22,2.92,0.77,-2.49,-1.5
-10.65,-2.5,3.34,-1.34,1.65,-2.39,4.28,-3.97,5.23,-7.44,0.29,13.2,-5.25,7.2,4.8,8.38,6.31,3.38,1.29,-3,-1.92
-9.24,0.36,3.55,-0.64,2.13,-2.42,1.31,-5.46,0.53,-8.1,2.28,14,-4.73,7.9,3.97,5.5,1.23,2.87,2.15,-3.68,-3.63
-12.3,2.91,2.9,0.15,0.97,-1.59,-0.14,-5.32,-2.8,-8.52,5.16,16.24,-6.76,8.18,1.17,5.1,-1.39,1.56,2.54,-2.35,-3.81
-16.65,2.87,2.17,0.63,0.77,-0.54,-0.8,-4.56,-5.25,-9.19,5.04,11.79,-10.55,7.35,-2.14,7.66,-4.33,0.55,1.95,-0.8,-2.48
-15.03,3.55,2.35,0.31,0.92,-0.39,-1.33,-4.4,-6.99,-8.95,6.08,11.26,-13.38,5.51,-2.96,8.05,-6.84,2.05,1.86,-0.45,-1.98
-12.02,4.02,2.76,-0.77,1.33,-1.65,-1.54,-4.9,-7.52,-8.03,2.6,11.4,-11.31,4.67,-3.3,4.54,-7.89,3.78,1.79,-0.67,-1.57
-11.63,0.04,4.3,-3.5,3,-4.09,-0.33,-6.69,-5.64,-10.36,-0.19,12.03,-8.55,1.79,-0.07,0.13,-6.11,1.65,1.11,-1.03,-1.5
-21.49,-8.95,3.33,-6.03,3.61,-5.03,-0.49,-5.61,-6.64,-8.3,-5.22,8.37,-7.83,-1.74,1.49,-1.05,-7.09,3.91,-1.25,-1.78,-0.89
-21.96,-13.23,3.02,-6.78,3.6,-4.69,-0.44,-6.68,-7.16,-10.82,-4.32,5.67,-7.54,-2.55,0.72,-0.22,-7.41,-2.34,-1.24,-1.97,-1.44
-12.4,-7.55,3.95,-5.07,3.78,-3.53,-0.24,-6.3,-6.56,-10.83,2.76,8.07,-4.31,1.15,2.04,3.99,-6.41,-5.13,1.05,-2,-1.8
-6.25,-6.01,4.71,-4.71,3.89,-3.91,-0.12,-7.62,-5.05,-10.77,2.47,8.07,-1.18,-0.29,1.55,0.69,-4.26,-3.84,2.41,-2.21,-2.41
-0.77,-1.97,6.01,-4.23,4.57,-4.83,0.56,-9.2,-5.24,-10.22,8.5,5.99,2.19,-1.89,3.66,-2.47,-4.67,-3.68,3.38,-2.71,-3.03
-0.81,-5.49,7.29,-6.16,5.61,-5.79,2.38,-9.94,-6.09,-10.05,3.12,4.64,3.7,-6.87,5.12,-3.5,-5.94,-5.56,3.39,-2.37,-2.42
-5.24,-11.2,7.4,-7.83,6.67,-6.2,3.53,-9.26,-6.86,-9.97,1.9,-2.86,0.8,-12.11,4.3,-3.16,-6.88,-6.42,2.62,-1.76,-1.43
-7.37,-15.25,7.5,-8.7,6.75,-6.21,3.91,-8.69,-7.39,-10.66,-0.71,-2.83,-1.95,-13.89,2.56,-2.79,-7.04,-7.99,2.02,-1.82,-0.74
-4.01,-11.53,8.76,-7.79,7.16,-6.31,3.98,-9.27,-5.19,-11.71,2.25,-2.32,-0.96,-12.5,2.67,-3.75,-4.76,-9.46,3.68,-2.4,-0.49
-3.51,-9.63,8.63,-6.33,5.83,-4.84,3.7,-6.44,-2.09,-5.86,4.8,-4.59,-1.12,-10.39,1.82,-0.14,-2.18,0.76,4.08,-2.58,0.73
-6.22,-11.89,7.36,-6.44,4.54,-4.27,4.23,-6.83,0.22,-8.98,5.14,-3.22,-0.97,-11.42,2.03,0.84,-0.63,-2.52,3.21,-2.37,1.15
-1.43,-12.12,9.02,-5.8,5.62,-4.87,6.02,-7.76,1.4,-11.67,5.6,-0.15,1.07,-12.5,6.31,-1.49,0.51,-3.49,4.66,-1.86,1.35
1.61,-11.04,9.45,-6.27,6.67,-6.31,7.94,-8.86,3.43,-14.18,7.17,2.27,5.7,-13.73,9.13,-6.41,2.73,-8.82,5.18,-1.73,1.77
-3.14,-10.6,8.63,-6.83,7.06,-6.14,9.13,-8.63,3.79,-16.47,1.77,2.98,6.32,-13.24,9.83,-7.5,4.2,-13.81,4.42,-1.15,3.28
-6.75,-11.3,7.67,-7.56,7.1,-6.7,9.33,-7.84,3.86,-14.51,1.7,-0.3,5.61,-15.02,9.52,-9.04,5.18,-10.07,3.31,-0.47,4.31
-8.95,-10.97,7.29,-7.28,6.09,-6.3,7.69,-7.57,1.43,-13.83,3.07,0,3.71,-14.44,6.24,-5.91,2.04,-8.59,3.52,-0.23,4.31
-9.9,-11.33,6.91,-7.83,5.78,-5.88,6.76,-7.81,1.59,-14.17,4.46,-0.47,3.19,-13.77,6.7,-1.21,1.62,-8.7,2.63,-0.91,3.77
-6.61,-10.79,5.52,-6.87,5.12,-4.94,7.33,-7.26,2.17,-15.39,3.49,0.47,2.74,-12.32,7.61,0.34,1.7,-9.52,2.37,-1.1,3.96
-7.13,-9.68,4.16,-6.13,4.69,-4.18,7.84,-5.5,3.23,-12.34,1.94,-2.63,0.6,-12.01,6.85,0.77,0.81,-6.34,2.46,-0.32,5.12
-11.81,-9.47,4.75,-5.97,4.12,-2.88,6.41,-4.84,0.54,-13.15,-0.24,-1.28,-3.5,-11.68,6.19,2,-1.87,-6.55,3.04,0.41,5.08
-11.6,-7.21,5.08,-4.38,3.24,-1.86,4.14,-3.53,-3.07,-11.37,1.21,-1.76,-4.72,-9.48,2.62,4.49,-5.66,-2.25,4.39,1.09,4.12
-11.38,-5.85,4.31,-3.33,2.85,-1.69,4.28,-3.61,-2.25,-13.36,5.15,3.44,-7.67,-6.77,1.49,3.24,-4.36,-4.96,5.43,1.55,3.63
-12.76,-8.44,2.79,-4.51,2.37,-2.43,5.38,-4.42,1.15,-11.57,1.96,5.08,-7.76,-7.35,3.53,2.77,-1.53,-3.16,3.6,1,3.43
-12.25,-7.67,1.37,-4.7,1.86,-1.41,6.12,-4.67,4.31,-10.19,7.33,5.75,-6.87,-6.97,3.87,4.13,2.42,-2.68,2.64,0.38,2.9
-11.48,-6.06,1.82,-4.86,2.11,-1.69,6.26,-5.37,6.24,-8.49,8.28,3.57,-5.2,-8.16,4.63,2.67,4.84,-2.58,2.17,-0.11,2.53
-9.79,-3.62,3.91,-4.87,2.89,-1.83,3.32,-6.79,1.47,-10.17,7.07,3.2,-1.9,-8.62,5.05,0.94,1.52,-3.84,3.41,-0.52,0.65
-7.35,-4.12,7.36,-4.72,4.94,-2.7,2.84,-7.61,0.05,-11.09,9.12,-0.57,3.63,-10.01,6.69,1.27,1.21,-4.39,5.17,-0.35,-0.06
-5.39,-5.5,7.64,-4.48,5.4,-2.95,3.96,-7.9,3.08,-12.54,3.75,-0.12,3.73,-10.61,5.3,2.56,5.36,-6.22,6.23,-0.24,0.11
-4.29,-7.27,7.54,-5.32,5.2,-3.85,2.85,-8.94,-1.12,-14.81,3.63,0.87,1.25,-11.3,4.61,2.9,-1.07,-6.72,6.91,0.05,-0.1
-3.67,-8.08,8.18,-6.71,5.44,-4.68,3.55,-9,-1.65,-12.25,6.52,0.5,1.03,-13.61,6.07,0.3,-2.27,-0.42,6.4,0.19,-0.55
-4.26,-7.61,9.32,-6.83,5.38,-4.75,4.46,-10.01,-0.6,-15.39,9.48,1.13,2.31,-13.54,6.62,-1.13,-0.62,-8.17,6.2,-0.11,-0.4
-6.02,-8.2,10.96,-8.4,5.79,-5.82,4.55,-11.14,-0.51,-17.22,8.22,-2.23,2.24,-15.25,7.19,-3.88,-0.11,-7.38,5.12,-0.7,-1.06
-5.14,-6.22,10.24,-7.94,5.85,-5.98,5.15,-11.85,-0.65,-17.97,8.26,-2.3,5.61,-15.7,9.15,-5.81,0.38,-7.64,5.19,-0.67,-0.97
-4.4,-5.42,6.79,-6.58,3.97,-5.01,5.02,-10.9,0.15,-16.71,5.88,2.52,-0.33,-12.86,6.17,-2.32,0.99,-5.12,5.74,-0.78,-0.85
-1.18,-5.21,5.86,-5.3,3.68,-4.55,4.37,-10.65,-0.76,-15.79,12.8,5.36,-0.31,-9.93,7.38,1.11,-1.22,-2.76,6.62,-0.78,-1.19
1.34,-1.71,5.66,-3.14,3.59,-4.39,3.37,-10.7,-3.78,-13.86,16.38,6.55,0.12,-6.82,6.89,0.87,-4.56,-0.75,8.37,-0.26,-2.11
1.3,-1.41,6.82,-2.62,4.17,-4.13,3.04,-11.6,-4.14,-16.4,17.24,10.86,-0.35,-5.11,9.25,1.84,-3.94,-4.13,8.74,-0.13,-2.86
-0.57,-0.46,8.05,-2.89,4.58,-4.19,2.29,-12.92,-4.08,-18.37,16.32,11.99,2.15,-5.52,7.83,0.35,-2.59,-4.29,8.72,-0.64,-3.44
-1.36,1.68,8.29,-2.13,3.92,-3.33,0.56,-12.52,-6.59,-17.73,16.77,15,2.48,-5.28,4.37,-0.53,-5.49,-1.86,8.86,-0.42,-3.62
-0.9,2.35,6.7,-1.04,2.75,-2.31,-1.06,-12.1,-9.52,-19.05,14.8,14.13,2.14,-3.67,3.78,1.05,-8.34,-1.71,8.81,-0.74,-3.84
-2.81,0.37,5.9,-0.68,2.32,-1.9,-1.05,-11.51,-8.55,-19.49,14.56,10.78,2.39,-3.55,3.71,4.5,-6.27,-2.21,8.03,-1.16,-3.95
-2.09,-1.71,6.96,-0.42,2.69,-1.92,-0.05,-11.21,-7,-20.85,13.25,7.47,2.19,-4.36,4.85,4.61,-4.15,-6.25,7.4,-1.05,-3.89
-1.41,-1.05,7.62,0.37,3.01,-2.06,-0.87,-11.06,-8.56,-18.67,13.86,7.73,1.57,-5.87,5.27,2.25,-6.3,-1.12,7.73,-0.89,-3.98
-0.85,-0.84,8.47,0.29,3.43,-2.18,-0.99,-13.34,-9.67,-23.26,5.16,5.96,3.59,-7.66,6.75,-0.92,-7.9,-7.08,8.12,-0.76,-5
-2.17,0.59,8.04,1.04,2.78,-2.3,-2.16,-12.99,-12.69,-24.07,3.29,4.7,3.6,-7.26,6.04,-0.67,-12.25,-7.32,8.2,-0.7,-5.45
-3.69,-0.19,7.76,1.87,1.89,-1.76,-1.57,-12.57,-10.71,-24.65,6.48,2.66,1.16,-6.45,2.78,-0.98,-10.99,-9.37,8.13,-0.4,-4.38
-4.74,0.77,7.34,2.52,1.71,-1.3,-0.67,-10.68,-11.25,-21.99,9.04,3.89,-0.72,-5.9,2.54,-0.54,-11.77,-6.74,8.15,0.26,-2.63
-4.54,0.98,5.8,3.19,1,-0.68,0.1,-8.57,-10.27,-18.08,11.83,4.54,-2.7,-4.09,3.43,2.02,-9.23,-4.57,7.61,0.31,-0.87
-1.69,1.73,5.28,4.14,0.77,0.27,0.25,-6.66,-8.76,-14.81,12.63,7.3,-2.21,-2.78,2.09,4.13,-8.53,-1.52,8.02,0.39,0.54
-0.63,2.81,5.01,3.59,0.71,0.1,0.71,-6.09,-7.75,-14.15,10.24,1.74,-2.08,-4.76,2.57,4.8,-7.15,-2.64,8.17,-0.1,0.78
-0.8,3.94,5.72,3.69,1.34,-1.18,0.27,-7.1,-7.9,-15.54,4.03,-0.18,0.86,-6.63,4.37,3.77,-6.44,-4.15,9,-0.95,-0.49
-1.7,2.94,7.35,3.53,2.54,-2.1,0.91,-8.05,-5.74,-15.62,9.38,-7.35,2.38,-9.65,7.71,2.31,-4.39,-6.25,8.92,-1.7,-1.42
-1.07,2.08,8.04,3.5,1.98,-1.99,1.3,-8.58,-3.28,-15.54,11.69,-10.79,1.46,-10.88,6.5,2.73,-2.13,-7.26,9.17,-1.82,-1.88
-0.19,1.65,8.24,2.94,1.77,-1.85,2.04,-8.25,-0.09,-9.98,13.71,-9.99,1.02,-11.7,7.48,3.24,0.7,1.04,9.67,-1.44,-1.51
0.73,4.14,7.95,3.17,2.16,-1.6,1.34,-9.85,-2.24,-14.56,13.8,-7.36,0.06,-10.13,4.34,2.62,-1.68,-4.33,10.41,-0.12,-1.75
0.5,5.72,7.89,3.61,1.62,-1.68,-0.59,-10.46,-6.83,-16,8.37,-1.16,2.45,-9.21,-0.76,3.02,-5.12,-4.08,11.26,0.31,-2.59
1.98,8.96,8.21,5.51,2.46,-1.53,-2.24,-10.62,-11.7,-16.78,5.67,2.58,1.47,-7.63,-2.61,2.3,-10.86,-4.01,13.55,1.18,-2.53
2.41,10.5,7.84,6.25,2.77,-1.93,-2.18,-10.8,-12.78,-17.42,2.25,6.62,0.15,-7.97,-1.84,1.35,-12.21,-4.43,13.53,1.1,-2.01
3.58,9.91,7.65,5.48,2.21,-1.64,-2.57,-9.76,-13.3,-16.1,3.22,6.5,-0.22,-6.19,-2.39,2.64,-14.57,-4.48,12.88,0.96,-1.3
4.04,10.33,7.51,4.37,1.73,-1.41,-1.74,-8.22,-10.79,-13.22,2.51,7.75,0.11,-6.27,0.33,4.76,-12.99,-0.89,11.69,0.24,-0.47
4.11,8.25,7.79,2.28,2.05,-1.55,-1.53,-7.04,-10.86,-12.52,5.19,6.25,2.15,-6.56,4.35,8.14,-11.88,-2.51,10.04,-1.24,-0.33
3.04,7.19,8.22,0.91,2.01,-1.73,-0.19,-6.24,-7.74,-9.54,7.36,10.14,3.48,-9.25,4.78,8.73,-7.63,1.83,8.82,-1.33,0.82
4.33,5.97,8.07,0.39,2.03,-1.41,0.44,-5.4,-6.5,-7.71,7.35,11.32,1.87,-9.47,2.91,9.11,-5.17,5.02,9.01,-0.57,1.35
6.21,5.17,7.86,0.19,1.88,-1.56,0.52,-4.44,-6.01,-5.65,6.58,11.71,-1.24,-8.98,0.65,8,-5.4,7.35,9.23,0.09,1.89
6.34,6.24,8.74,0.98,2.63,-2.25,0.28,-7.05,-7.38,-9.69,8.98,11.83,-3.29,-8.56,0.33,2.92,-6.77,2.27,9.98,0.36,1.11
7.22,7.6,9.3,1.26,3.06,-3.23,-1.3,-8.72,-11.17,-10.7,7.89,5,0.29,-8.12,1.27,2.94,-10.55,2.36,10.58,0.13,-0.9
5.95,7.28,10.38,1.72,3.3,-3.85,-1.91,-11.22,-12.42,-16.16,5.26,4.45,4.06,-9.91,2.03,0.83,-12.05,-5.86,11.26,0.17,-1.8
1.86,4.84,10.7,0.4,3.58,-4.21,-0.2,-10.99,-9.65,-15.98,5.12,3.05,6.33,-13.62,4.11,-1.08,-9.27,-7.21,10.05,0.01,-1.28
0.85,3.07,10.02,-0.44,3.44,-3.79,0.58,-10.66,-8.06,-15.74,-0.77,4.14,7.37,-14.42,1.71,-1.27,-8.02,-7.33,9.37,0.31,-0.45
3.54,4.02,9.34,-0.12,3.44,-3.17,2.25,-9.35,-6.1,-14.22,-2.55,3.44,5.08,-13.16,3.87,1.33,-6.06,-4.41,9.26,0.83,0.93
4.1,2.88,9.01,-1.07,3.43,-3.33,2.52,-8.2,-5.47,-13.15,1.8,5.2,3.32,-12.78,7.59,5.16,-5.2,-2.72,7.86,-0.22,1.23
5.55,3.06,8.11,-0.98,3.43,-3.62,1.73,-8.04,-5.32,-12.21,3.72,6.05,4.75,-12.84,7.17,4.68,-7.06,-1.66,7.54,-0.24,1.64
4.97,3.93,7.73,-0.7,2.45,-3.4,1.56,-8.15,-4.93,-12.21,6.8,3.33,4.54,-13.67,5.95,2.08,-6.24,-1.42,7.8,0.32,2.28
2.24,1.81,8.13,-0.5,2.19,-2.78,0.53,-8.67,-6.66,-13.1,6.21,3.93,3,-15.72,2.32,-0.67,-9.06,-5.2,8.66,0.71,2.21
-4.65,-4.43,6.1,-1.51,1.43,-1.83,0.41,-7.25,-8.17,-11.59,-2.14,-9.52,-1.44,-18.78,-0.26,2.28,-11.6,-4.97,6.91,1.04,2.64
-5.35,-4.22,4.57,-1.59,1.5,-1.75,2.65,-7.8,-3.15,-10.96,-8.77,-8.12,-3.07,-16,0.12,2.47,-6.6,-6.09,5.45,0.66,3.28
0.52,0.4,6.19,-1.4,3,-2.6,3.59,-8.76,-2.82,-12.49,-3.29,-1.34,-0.06,-14.93,3.44,0.16,-6.56,-6.06,6.38,0.75,3.14
1.25,2.25,6.95,-0.67,3.04,-3.1,2.33,-8.98,-5.81,-14.78,-8.44,-2.45,2,-12.22,3.81,-1.19,-10.49,-9.34,7.26,1.29,2.69
6.03,8.2,7.44,1.66,2.41,-1.75,3.05,-7.37,-4.38,-11.47,-2.44,5.64,2.1,-7.67,1.62,-0.31,-9.81,-1.79,8.8,1.9,3.93
5.88,9.53,6.92,2.51,1.85,-1.19,2.53,-6.23,-6.6,-10.43,-2.76,2.5,1.14,-4.98,0.18,5.09,-11.21,1.62,8.31,1.73,3.6
4.19,7.29,6.21,1.47,1.59,-0.99,2.56,-5.52,-6.32,-10.61,0.48,4.63,1.07,-4.75,0.72,8.92,-10.12,2.22,6.95,1.13,3.1
1.81,3.14,4.73,0.92,1.35,-0.6,2.77,-5.23,-5.17,-10.95,0.96,5.26,0.48,-4.38,0.69,11.67,-8.5,0.86,5.4,0.61,2.87
0.66,1.51,4.77,-0.02,2.01,-1.22,3.07,-6.61,-4.64,-13.23,2.82,1.84,1.77,-5.41,1.48,10.02,-7.47,-1.94,4.65,0.47,2.62
0.3,-1.09,5.96,-0.57,2.84,-2.15,2.87,-7.24,-5.37,-12.92,-0.39,3.31,2.64,-8.68,2.27,5.11,-8.7,-1.69,5.2,1.42,2.69
-1.81,-2.15,5.13,0.36,2.31,-1.34,2.92,-5.69,-5.19,-7.9,-3.03,0.34,0.72,-8.64,3.46,5.53,-9.04,3.85,5.57,1.86,2.8
-2.74,-0.89,3.91,1.83,1.66,-0.84,2.55,-5.95,-3.73,-8.69,-3.24,0.65,-0.81,-6.99,1.87,6.04,-7.96,0.8,5.81,1.58,2.6
-1.96,-0.51,3.25,2.74,1.05,-0.11,2.71,-5.61,-2.6,-7.51,-1.57,2.7,-4.35,-5.34,0.23,6.49,-6.19,0.66,6.23,0.64,2.89
-0.46,-2.07,3.57,3.09,0.47,0.16,2.06,-4.96,-2.97,-7.79,-6.14,-1.65,-3.05,-4.68,-1.26,7.68,-6.41,-1.66,7.05,0.65,2.68
-3.79,-3.48,3.33,2.07,0.58,-0.32,3.63,-3.74,-1.49,-3.93,-2.85,2.31,-0.67,-6.48,-0.91,6.95,-5.74,3.15,6.05,0.88,3.9
-2.57,-6.22,3.5,0.35,0.58,-0.44,4.65,-2.06,-1.16,-0.43,-6.47,4.34,3.19,-7.14,1.4,7.67,-5.56,8.58,4.31,0.04,4.39
-1.55,-8.17,3.17,-0.11,0.24,0.11,6.98,-0.43,1.98,0.41,-6.72,2.65,3.96,-5.63,3.93,10.47,-2.21,8.58,3.99,-0.15,5.52
-2.68,-7.02,1.8,1.35,-0.76,1.19,7.46,-0.32,3.44,-0.52,-0.87,3.45,0.25,-4.11,4.3,12.18,0.24,7.56,4.48,-0.98,5.72
-3.76,-6.71,1.52,2.78,-0.65,1.19,6.88,-1.67,4.29,-2.88,-0.23,2.49,-0.8,-2.91,5.45,12.79,0.45,3.67,5.41,-1.66,5.06
-1.82,-5.77,2.97,4.51,-1.07,1.37,4.37,-1.37,2.17,-0.25,0.01,2.51,-2.66,-1.45,1.34,14.99,-2.2,8.68,6.97,-1.38,4.3
-0.83,-3.95,2.16,6.82,-1.78,1.97,3.03,-2.4,1.73,-0.76,-0.24,9.62,-4.7,0.36,-1.14,15.6,-3.12,7.8,8.27,-1.1,3.47
-0.89,-4.26,0.7,6.88,-2.56,2.57,1.73,-1.95,1.4,0.08,3.24,12.2,-4.79,1.46,-3.32,15.79,-3.54,7.67,7.24,-1.41,3.07
-1.45,-7.76,-0.59,5.99,-2.51,3.27,2.68,-0.47,1.56,0.51,0.82,9.57,-4.64,0.29,-1.73,13.69,-3.46,7.31,5.37,-0.91,4.15
-3.56,-7.86,-0.97,5.06,-1.55,3.06,3.28,-0.15,2.15,-0.54,0.02,6.67,-3.9,-0.88,-0.45,11.01,-2.99,6.76,4.44,-0.3,4.91
-5.02,-8.2,0.13,4.26,-0.14,1.66,5.01,0.07,4.81,0.97,-1.2,5.77,-3.22,1.27,2.82,9.59,0.9,9.42,3.58,-1.04,4.79
-3.09,-4.79,1.36,4.07,0.16,0.77,5.78,-0.55,4.96,0.46,-1.36,7.63,-2.06,1.75,2.7,12.26,1.28,10.13,4.7,-1.22,4.06
-1.25,-4.15,2.27,5.02,0.09,0.83,5.62,-1.85,3.47,-1.86,-0.46,7.85,-2.55,2.35,-1.42,12.94,0.42,8.36,6.57,-0.76,3.68
-0.91,-1.94,3.08,5.76,0.58,0.2,5.61,-3.83,3.38,-5.1,3.69,7.41,-1.78,2.48,0.46,12.13,2.57,5.04,7.73,-1.01,2.44
-0.94,-3.07,3.62,3.86,0.9,-0.66,4.51,-4.66,1.88,-5.23,3.78,7,0.79,-0.84,1.22,10.16,1.25,5.36,7.77,-0.76,1.37
-2.74,-5.87,2.35,1.78,0.62,-0.26,2.37,-3.93,-1.1,-2.03,1.06,4.82,0.01,-1.97,-0.49,12.4,-2.19,10.07,5.68,-1.61,0.87
-0.99,-3.78,3.3,2.06,0.99,-0.47,2.16,-5.69,-0.06,-4.04,-0.2,5.95,-0.61,0.46,0.71,11.38,-0.93,6.31,6.41,-2.06,0.81
0.45,0.96,2.99,2.46,0.65,-0.37,2.04,-5.55,-0.8,-3.9,-1.27,7.42,-0.71,1.95,1.2,13.16,-2.05,2.72,7,-2.42,0.75
2.9,2.23,4.06,2.16,1.76,-2,1.8,-7.39,-3.08,-4.09,-0.57,9.28,1.1,-0.34,1.69,8.63,-4.76,4.19,8.31,-2.01,0.15
3.83,1.04,5.07,0.83,2.88,-2.9,2.03,-9.37,-4.97,-6.51,-9.24,4.92,0.25,-2.98,3.22,6.49,-7.21,2.33,8.35,-2.16,-0.86
1.01,1.44,3.88,0.3,2.05,-2.2,0.39,-8.87,-8.38,-7.91,-7.9,2.34,-2.21,-2.09,-1.39,9.53,-11.07,1.56,7.85,-1.59,-1.3
-4.13,-0.53,3.2,-1.77,1.82,-2.16,1.19,-8.06,-6.97,-7.99,-9.44,-1.91,-1.8,-3.89,-3.15,8.27,-9.41,3.11,5.91,-1.51,-0.63
-6.91,-2.88,2.47,-3.88,1.29,-1.88,0.72,-7.32,-9.83,-9.23,-7.19,1.22,-0.83,-5.07,-4.05,6.1,-13.15,1.55,4.01,-1.26,0.29
-7.95,-2.13,1.96,-3.5,1.26,-1.07,0.64,-6.87,-10.5,-10.23,-5.79,2.16,-0.93,-5.12,-2.21,4.91,-13.96,1.24,3.89,-0.79,1.7
-5.74,0.6,2.58,-1.81,1.3,-1.35,0.52,-7.15,-9.17,-8.86,-8.78,-1.06,-3.3,-3.36,-2.52,5.7,-12.98,5.3,5.23,-0.69,1.77
-0.82,5.28,5.14,0.38,2.44,-2.4,0.79,-10.28,-9.97,-12.67,-7.6,4.35,-1.25,-1.91,-0.51,6.05,-13.8,0.51,8.68,-0.71,0.84
2.05,12.05,7.06,3.59,2.98,-2.67,0.89,-12.51,-9.16,-16.34,-5.71,2.59,1.43,0.85,0.97,7.86,-12.69,-2.93,11.39,-1.01,-0.51
3.46,16.69,7.1,5.66,2.34,-2.62,2.88,-12.69,-5.52,-15.92,-1.77,7.73,2.01,4.89,0.4,7.23,-8.34,-3.93,12.5,-1.66,-0.63
1.68,14.79,6.25,3.39,2.7,-3.15,5.59,-12.2,-1.8,-12.08,2.15,8.32,4.44,1.77,5.15,4.31,-3.89,1.7,10.18,-1.89,0.26
2.02,11.33,5.1,1.32,2.45,-2.1,5.22,-11.49,-3.71,-11.52,-2.68,3.26,3.34,1.15,4.39,5.59,-6.2,2.94,7.19,-2.33,0.05
1.2,9.03,3.93,-1.26,1.79,-1.36,4.38,-9.82,-4.94,-10.19,-1.65,5.05,3.09,0.28,3.52,8.72,-6.43,3.48,4.84,-3.26,0.19
-1.11,11.11,3.57,-0.89,1.93,-0.7,3.28,-9.28,-7.24,-12.12,-0.07,5.75,3.4,1.66,5.41,9.44,-7.78,-0.23,4.8,-2.37,0.28
1.2,14.45,2.67,1.52,0.46,0.43,1.67,-7.82,-7.07,-10.55,1.87,12.04,1.25,3.92,0.3,9.12,-8.55,3.03,6.58,-1.24,1.57
2.88,17.56,2.49,3.52,-0.15,0.61,2.17,-6.1,-6.2,-5.45,5.71,13.95,1.43,6.3,-1.35,11.04,-7.67,9.06,7.7,-0.77,3.37
5.04,18.94,4.91,3.86,1.95,-1.67,5.63,-7.91,-0.41,-7.2,7.64,14.1,3.9,6.37,2.81,8.24,-1.99,4.06,8.22,-0.55,4.29
5.02,16.34,6.71,0.95,4.18,-4.36,8.44,-9.02,2.85,-7.55,2.78,11.73,7.24,2.57,6.32,7.15,0.94,2.64,6.71,-0.48,4.41
3.8,11.6,6.1,-2.71,4.95,-5.09,10.54,-8.33,5.46,-8.48,3.29,10.55,8.66,1.4,7.41,9.32,4.01,-0.54,3.26,-1.11,4.95
0.32,6.21,4.71,-5.39,4.27,-4.25,10.91,-6.39,6.31,-7.72,6.04,7.76,7.03,-1.73,8.48,9.64,4.22,2.13,0.12,-1.88,6.1
-4.14,0.51,2.26,-6.16,2.4,-2.04,10.94,-3.18,6.99,-5.4,2.92,5.21,3.06,-5.08,5.9,10.03,3.53,5.71,-1.38,-1.55,7.68
-3.11,6.41,1.45,-3.37,0.05,0.43,9.8,-1.19,7.64,-3.89,6.65,7.52,-0.31,1.76,1.37,13.22,2.98,9.92,0.05,-2.15,7.91
1.3,13.81,3.01,-1.74,-0.05,-0.05,9.66,-2.42,8.54,-5.91,6.53,11.08,0.52,6.07,2.11,12.6,3.51,9.17,2.36,-2.87,6.16
2.77,18.27,5.36,-0.08,2.11,-1.56,10.27,-2.91,10.64,-6.61,7,16.18,1.76,9.59,4.9,12.94,6.1,7.73,4.87,-3.33,5.83
6.23,21.57,6.42,0.78,3.07,-3.01,8.57,-4.56,8.31,-5.67,5.26,15.12,1.02,10.63,3.39,11.77,3.03,8.84,7.17,-2.6,5.66
5.92,19.95,6.63,0.08,4.1,-4.65,8.56,-7.13,6.57,-6.47,3.4,12.72,1.36,7.68,4.21,10.17,2.26,6.83,7.56,-1.39,6.06
2.42,18.89,5.74,0.45,4.26,-4.43,8.95,-6.96,5.77,-4.65,1.38,13.93,1.37,7.27,4.66,12.23,1.78,9.15,6.11,-1.58,5.88
0.63,20.6,3.31,1.86,2.34,-2.45,7.63,-7.38,2.77,-8.8,-4.51,14.78,0.86,10.67,3.98,14.33,-0.29,1.19,4.4,-2.75,4.44
0.77,21.85,2.27,2.15,0.76,0.12,7.13,-6.15,2.8,-8.42,0.19,13.34,0.49,13.15,2.91,15.29,-0.15,3.31,2.77,-3.63,4.31
1.91,22.61,2.74,4.11,-0.77,1.47,5.01,-5.25,0.12,-7.41,2.36,15.04,0.41,16.48,-0.41,15.87,-2.02,7.52,2.74,-5.02,3.65
2.1,20.64,4.47,3.34,0.12,0.87,4.53,-6.32,-0.28,-6.86,2.23,14.26,1.91,12.54,0.62,15.84,-1.82,8.65,3.97,-4.23,3.48
1.84,20.68,4.96,3.17,0.16,0.38,4.62,-5.81,2.71,-3.09,4.07,16.56,-2.77,12.66,-2.8,15.27,0.65,13.54,5.05,-1.96,3.73
1.62,20.56,4.91,3.03,-0.37,-0.14,4.65,-5.13,4.19,-1.76,-2.14,16.31,-2.44,13.03,-3.92,17.75,1.42,13.11,5.13,-0.56,3.87
1.44,18.63,4.24,2.24,-0.43,0.16,2.9,-4.52,0.67,-1.79,-0.55,15.92,-1.61,12.25,-5.16,17.27,-3.05,12.08,4.08,-0.62,3.57
1.56,18.81,3.18,2.55,-1.53,1.22,2.06,-3.99,-1.74,-1.71,-0.23,14.65,-1.99,14.07,-7.82,16.23,-6.24,11.49,2.82,-1.7,3.88
0.48,18.93,2.5,3,-2.53,2.14,2.39,-3.71,-1.54,-0.07,1.37,20.58,-0.77,15.56,-6.86,16.16,-6.55,12.3,1.1,-3.58,3.96
-1,19.81,1.95,4.36,-3.18,3.66,1.78,-2.34,-1.27,0.86,5.87,23.61,-0.42,20.05,-5.55,20.41,-5.41,12.43,-0.43,-5.19,2.81
-2.1,21.6,2.05,5.08,-3.56,4.49,2.65,-0.09,2.1,7.23,7.43,21.26,-1.05,20.11,-3.58,22.85,-1.57,20.38,-1.63,-6.06,2.49
0.56,21,3.07,4.92,-3.02,3.83,2.5,-1.88,2.67,3.7,10.62,23.36,0.84,18.13,-1.9,20.94,-0.73,14.38,-1.07,-4.76,1.44
2.33,20.75,4.22,3.87,-1.48,2.14,2.31,-3.27,0.97,1.74,7.95,21.23,1.02,16.86,-1.29,19.92,-1.1,13.76,-0.26,-2.83,1.25
1.4,19.78,4.62,1.27,0.47,0.2,4.18,-3.93,0.39,-0.09,6.14,16.43,0.48,14.54,2.23,21.25,-0.15,12.15,-1.43,-2.24,1.53
-1.24,19.22,4.87,0.28,1.74,-0.5,6,-3.73,2.21,-1.65,4.11,19.39,0.79,15.19,2.13,23.41,2.23,9.37,-1.53,-1.76,1.94
-1.22,19.26,4.67,0.13,1.59,-0.82,8.31,-2.91,9.01,0.92,5.47,17.42,2.58,16.21,1.66,20.79,9.24,12.14,-0.89,-1.77,3.14
1.88,21.74,5.61,1.17,0.98,-0.45,7.81,-2.8,7.85,3.23,7,18.68,6.43,17.38,2.09,20.12,7.09,16.66,0.66,-2.92,2.76
5.44,24.4,7.22,3.17,0.71,-0.25,8.13,-3,9.37,4.47,9.34,19.77,7.99,19.2,1.63,18.61,7.51,17.67,2.49,-3.32,2.86
6.43,24.66,8.29,3.27,0.34,-1,8.25,-3.78,9.37,2.65,10.08,22.38,10.45,20.42,2.05,18.98,6.91,16.95,3.01,-4.08,2.56
3.33,22.56,8.53,2.03,1.16,-2.08,8.62,-4.02,6.98,0.91,9.28,23.97,10.96,21.27,3.26,20.94,5.56,15.35,1.62,-4.05,2.53
1.21,19.98,7.31,0.02,2.54,-2.85,9.37,-4.79,6.04,-0.59,10.63,23.79,9.75,22.93,3.9,22.23,5.4,11.82,-0.87,-3.53,2.75
1.91,19.39,6.65,-1.53,4.06,-4.36,10.04,-6.48,6.59,1.51,12.06,25.38,8.97,20.09,5.25,18.62,6.31,17.12,-2.01,-3.5,2.51
1.3,18.02,6.35,-1.74,5.02,-4.64,10.64,-7.02,5.98,1.46,10.33,22.88,7.82,18.56,7.61,16.76,5.99,15.86,-2.53,-3.1,2.53
-1.21,18.98,5.94,-1.98,4.39,-3.97,9.32,-4.51,3.69,5.59,-0.1,20.51,8.26,19.04,9.41,22.19,3.56,21.66,-2.88,-3.84,2.59
-1.42,19.37,4.53,-0.44,2.37,-2.68,7.64,-4.75,2.11,2.01,2.75,19.48,8.04,19.72,6.58,22.91,1.57,16.52,-1.82,-3.59,2.37
-0.65,20.52,3.39,1.37,1.06,-1.45,6.89,-4.32,2.99,1.98,8.85,23.38,6.46,21.55,2.74,22.31,3.73,17.2,-0.04,-2.31,2.57
2.37,22.28,3.26,3.16,0.73,-0.37,6.15,-4.44,2.99,1.62,12.72,29.02,4.68,23.34,-1.52,22.12,2.67,16.22,1.86,-0.84,2.68
4.39,21.49,4.3,3.4,1.89,-1.38,6.51,-5.88,3.3,1.08,16.41,28.32,3.07,22.89,-1.73,19.97,2.43,16.5,2.47,-0.53,2.26
4.06,21.99,6.74,2.83,4.3,-3.41,8.67,-7.39,5.92,2.26,17.49,24.29,3.56,20.55,3.52,16.46,4.02,17.65,2.76,-1.16,2.78
2.89,21.22,8.53,1.61,5.6,-4.9,10.02,-8.8,7.54,1.15,12.43,21.94,8.59,18.4,7,14.18,5.72,15.5,2.29,-1.74,2.61
0.58,18.63,8.1,0.57,5.24,-4.32,10.17,-8.52,8.48,0.06,13.09,20.65,11.69,17.4,6.31,15.82,6.06,12.18,1.29,-1.85,3.53
-1.68,19,6.4,0.13,3.91,-2.94,10.16,-8.3,8.96,-0.1,14.92,25.7,10.72,15.03,5.67,14.67,6.45,14.04,0.81,-1.64,4.08
-5.26,18.13,3.28,0.14,1.68,-1.12,9.51,-6.22,8.14,0.07,12.13,24.44,11.1,13.69,6.59,17.13,4.77,13.84,-1.09,-2.02,4.41
-6.56,17.71,1.75,0.66,0.35,0.49,9.64,-3.67,9.8,2.83,10.47,20.53,10.16,14.69,5.65,21.32,5.32,16.99,-1.8,-1.87,5.2
-4.86,18.73,1.62,1.88,-0.53,1.12,10.61,-1.93,12.29,6.18,12.28,19.53,5.38,16.83,5.92,24.14,8.57,21.34,-0.7,-1.65,6.04
-0.72,20.49,2.93,2.68,-0.68,1.18,9.35,-2.02,11.34,6.43,13.43,18.59,2.98,18.35,3.6,25.38,7.79,20.59,1.08,-2.12,5.16
1.97,19.24,4.4,2.83,-0.52,0.71,7.75,-3.29,10.21,3.9,14.83,18.3,4.47,18.13,2.13,23.52,8.02,16.95,2.87,-2.63,3.82
-0.97,18.89,5.62,2.06,0.25,-0.39,6.49,-5.35,7.6,-1.71,11.67,21.74,5.91,17.58,4.71,21.09,6.68,11.09,3.58,-3.01,3.48
-3.66,19.12,5.98,1.29,0.73,-1.11,4.55,-6.76,2.26,-4.87,5.84,13.13,7.73,16.8,5.82,19.91,1.84,10.23,3.47,-2.86,3.25
-4.56,19.52,5.97,1.93,1.03,-1.3,6.38,-6.84,4.46,-5.27,7.05,13.45,6.54,17.89,5.09,17.08,4.66,8.82,4.2,-1.53,4.85
-4.63,19.62,7.41,1.81,1.86,-1.74,8.18,-6.4,5.02,-3.48,11.54,15.86,6.51,17.73,4.8,17.62,6.55,10.86,5.35,-0.58,5.66
-3.59,20.42,8.72,1.45,2.43,-2.69,8.76,-6.52,4.58,-2.92,7.49,16.24,8.12,18.24,7.41,18.56,6.97,11.56,5.31,-0.91,4.38
-1.56,22.51,9.34,1.4,2.8,-3.67,8.64,-8.14,3.51,-3.68,6.36,15.55,6.57,15.62,5.77,14.72,5.34,10.13,5.8,-1.17,3.53
-1.39,23.58,6.98,3.23,2.56,-2.09,7.11,-7.76,-0.41,-5.56,4.02,11.77,1.87,16.36,3.44,15.75,0.33,7.99,6.04,-0.29,3.18
-1.9,25.38,5.32,4.51,1.09,-0.46,4.06,-6.54,-3.7,-3.92,-3.18,7.04,2.13,17.88,-0.66,18.16,-4.33,13.44,6.23,0.24,2.8
-0.61,26.05,4.66,5.41,0.71,0.35,3.21,-8.1,-4.5,-7.91,1.07,5.83,4.01,19.4,-2.56,16.48,-5.88,7.55,7.23,0.84,2.75
-2.84,24.49,3.67,5.19,-0.1,0.52,2.32,-7.84,-5.47,-9.97,3.04,10.72,7.08,21.28,0.41,19.14,-6.12,5.99,6.45,0.42,2.17
-0.56,25.74,3.92,6,-1.04,1.12,3.09,-6.83,-1.74,-10.01,6.58,14.88,9.63,23.94,1.25,21.86,-1.65,5.96,6.81,-0.53,2.38
-0.3,28.16,4.41,6.41,-0.87,0.65,3.67,-6.04,0.07,-7.97,5.86,13.17,9.16,23.27,1.96,21.01,0.59,9.97,6.61,-1.18,2.58
-0.79,28.16,3.79,6.04,-0.21,0.35,4.77,-5.22,1.65,-7.57,8.98,14.24,4.86,20.73,2,21.05,3.86,12.2,6.66,-1.2,3.4
-3.99,20.72,3.41,3.54,0.51,-0.87,5.56,-5.73,2.1,-7.66,6.84,9.07,5.7,15.51,4.93,19.44,4.47,10.29,5.18,-2.05,3.28
-4.46,21.9,3.14,3.53,1.02,-0.94,6.21,-6.87,2.93,-8.81,4.62,12.8,7,17.19,6.19,19.14,4.25,10.14,5.46,-1.87,3.3
-0.88,27.4,2.68,4.67,0.88,-0.14,6.74,-6.89,4.66,-8.44,9.13,20.2,5.29,22.22,4.38,21.41,5.13,13.8,6.21,-2.2,2.94
-2.41,25.89,1.64,4.77,0.32,0.79,8,-5.56,7.54,-6.71,10.44,22.09,2.5,23.9,3.03,21.47,7.05,14.7,5.86,-1.5,4.62
-2.04,26.66,1.01,4.66,-0.31,1.57,8.51,-4.12,8.9,-4.86,7.49,23.14,1.12,24.84,2.05,20.42,8.67,16.53,5.19,-1.17,5.23
-4.91,24.07,1.3,3.53,0.28,0.83,9.37,-4.13,8.89,-4.92,6.57,13.26,2.04,23.81,5.03,18.02,9.95,13.77,4.09,-1.46,5.7
-6.11,21.88,1.08,2.72,-0.55,0.43,9,-4.3,7.19,-6.28,10.37,11.05,2.73,19.77,4.67,18.01,8.99,9.48,4.14,-1.26,5.76
-6.03,21.14,-0.44,4.46,-1.95,2.28,7.2,-2.72,5.98,-5.5,14.34,6.2,0.16,20.55,0.37,20.12,5.8,9.29,5.24,-0.14,6.51
-5.57,23.69,-0.76,5.45,-2.08,2.87,7.2,-2.57,9.16,-5.82,13.24,4.6,-0.3,20.61,-0.17,19.6,8.2,10.02,6.11,0.4,6.53
-7.01,23.29,-1.36,5.74,-3.28,3.94,4.26,-1.09,6.21,-4.64,14.49,9.18,-3.58,22.12,-1.91,22.66,4.45,10.23,5.85,0.34,6.04
-10.99,22.33,-0.6,5.58,-2.97,3.74,3.22,-2.29,4.98,-5.59,9.03,9.21,-2.24,22.46,-1.09,19.24,2.82,10.75,5.62,0.1,5.24
-9.78,24.43,0.1,5.54,-3.56,3.61,0.59,-2.81,0.7,-5.01,6.79,14.32,1.67,24.31,-3.11,20.37,-1.29,13.55,5.25,-1.47,3.53
-6.11,28.23,1.72,6.91,-2.92,3.62,0.4,-3.23,-1.33,-4.27,7.87,14.45,3.27,27.13,-2.87,21.69,-3.07,16.31,6.14,-1.7,2.85
-4.12,27.51,2.53,6.63,-1.69,2.58,2.97,-3.06,1,-4.36,6.81,16.88,2.32,27.1,-3.81,20.86,0.24,16,6.9,-0.63,4.59
-4.92,24.95,3.19,5.36,-0.51,1.48,4.28,-3,1.49,-4.62,6.15,13.34,2.59,25.8,-2.12,21.42,0.55,13.86,6.25,-0.54,5.38
-5.46,21.76,3.22,4.39,-0.38,0.74,4.73,-3.47,-0.23,-5.05,4.63,11.46,2.33,24.36,-0.08,20.35,-2.1,11.53,5.32,-0.9,5.24
-4.33,23.43,3.2,3.97,-0.49,0.62,4.8,-4.21,0.32,-5.55,2.75,13,0.96,21.89,-2.72,16.63,-1.17,9.23,5.37,-0.55,4.29
-8.62,25.31,2.79,4.66,-1.02,1.28,3.89,-4.12,-0.91,-6.73,3.62,12.98,0.56,24.43,-3.57,17.41,-0.91,9.11,5.28,-1.28,3.28
-10.81,26.54,1.43,4.84,-1.95,1.48,3.65,-4.88,0.05,-7.06,1.43,13.49,0.58,23.73,-4.51,16.78,-1.22,8.99,4.56,-1.97,1.93
-8.39,28.75,-0.43,6.6,-2.87,2.6,3.86,-4.5,0.35,-7.24,-1.42,15.27,-0.31,27.12,-4.74,19.82,-0.23,7.13,5.25,-1.77,1.9
-5.88,28.52,-0.1,6.68,-1.59,1.95,4.75,-5.12,2.6,-4.54,3.09,15.25,2.25,26.56,-2.12,18.71,1.74,12.12,5.43,-1.95,2.82
-3.84,24.19,0.19,4.48,-0.23,-0.14,5.93,-6.4,4.82,-3.06,2.98,16.49,4.17,22.26,1.37,17.04,3.43,12,4.24,-2.12,3.16
-2.09,21.41,0.95,2.64,1.31,-1.47,7.96,-7.13,7.44,-2.44,8.34,19.37,5.4,21.82,6.53,17.29,6.87,11.17,3.06,-2.44,3.19
-1.7,19.84,3.09,1.19,2.57,-2.7,7.78,-7.55,5.02,-2.7,7.88,17.27,8.43,20.51,6.42,15.65,5,12.95,3.35,-2.07,2.52
-3.92,18.68,3.56,0.54,2.09,-2.38,6.24,-7.56,2.36,-4.53,8.5,12.07,7.79,20.92,2.43,16.47,2.97,12.37,3.19,-2.05,1.2
-4.79,16.28,3.78,-0.55,1.6,-1.64,5.22,-7.71,0.87,-6.26,6.87,7.41,7.36,20.84,1.24,16.73,2.47,11.59,2.29,-2.79,0.21
-7.05,13.65,5.1,-1.06,2.04,-1.6,2.77,-8.28,-4.03,-8.2,2.48,4.83,8.83,20.3,0.24,16.3,-2.22,9.7,1.75,-2.95,-0.37
-8.37,14.28,4.09,-0.02,1.66,-1.19,2.58,-8.16,-3.16,-7.35,2.21,10.72,6.74,21.73,-0.73,16.63,-1.87,10.9,1.9,-2.86,-0.49
-8.66,15.03,3.12,0.73,1.97,-1.96,2.62,-8.77,-3.4,-6.73,2.12,12.94,5.71,20.69,1.62,16.31,-2.81,10.23,2.22,-2.89,-0.99
-8.51,16.55,2.32,2.5,1.33,-1.55,1.95,-8.98,-5.42,-9.18,3.9,12.62,2.81,19.95,-1.82,16.44,-4.85,8.57,4.14,-0.98,-0.72
-8.34,16.52,2.98,2.87,2.33,-1.87,2.88,-9.46,-3.37,-11.16,2.15,10.5,1.53,17.86,-1.71,12.83,-3.07,4.79,4.52,0.35,0.17
-12.24,18.07,2.66,2.64,2.72,-2.21,4.48,-10.12,-1.47,-11.2,0.98,9.11,0.08,15.97,-1.29,8.94,-1.13,6.43,3.75,1.3,1.19
-13.24,15.66,2.66,2.55,2.36,-1.87,4.45,-10.66,-0.65,-12.21,3.63,13.03,1.65,16.17,0.52,10.02,-1.34,5.35,3.33,1.23,1.43
-9.54,15.47,0.76,3.57,0.6,-0.3,3.44,-8.35,-0.58,-7.43,5.98,9.44,2.76,18.09,1.23,14.77,-2.31,13.38,2.92,0.05,1.6
-6.22,17.56,-1.02,5.72,-1,1.33,2.03,-8.9,-1.38,-9.48,4.73,9.38,1.57,20.63,0.27,15.05,-3.31,11.31,3.39,-1.13,0.65
-4.59,19.65,-1,7.44,-1.65,2.63,2.4,-9.15,-0.08,-10.08,2.81,6.81,0.79,22.79,0.96,14.39,-1.6,10.24,4.56,-1.66,0.24
-5.41,20.12,-1.06,7.5,-2.39,2.78,2.22,-9.69,-1.84,-11.45,0.84,10.48,-1.04,23.5,-0.91,12.97,-3.37,7.7,4.35,-1.86,-0.04
-7.97,19.68,-2.04,7.61,-3.25,3.12,3.89,-8.45,-0.15,-9.19,-0.66,9.41,-3.29,23.35,-2.07,13.58,-2.73,9.95,3.49,-2.34,0.51
-10.6,16.28,-2.87,7.11,-3.77,3.03,4.64,-7.74,-1.56,-10.59,1.96,9.53,-3.2,23.25,-0.77,16.95,-3.26,5.81,2.26,-2.9,1.19
-11.56,12.63,-3.15,6.22,-3.38,3.4,5.24,-6.21,-1.13,-8.1,1.49,5.89,-2.92,22.7,-1.59,17.76,-3.14,9.72,1.34,-2.09,2.42
-11.9,11.21,-3.45,6.25,-2.9,3.28,5.41,-4.53,-0.64,-3.91,-4.51,4.12,-2.35,22,-1.38,18.58,-3.18,15.18,1.17,-1.78,3.65
-11.06,10.72,-1.67,6.19,-1.43,2.51,5.46,-7.38,-0.82,-8.33,1.45,8.9,0.63,20.85,-1.63,12.95,-3.27,8.98,2.59,-1.14,3.93
-11.14,6.22,-1.41,5.32,-1.26,2.3,4.88,-8.6,-2.14,-9.89,0.53,8.75,-0.14,19.22,-2.84,12.86,-4.09,9.23,3.24,-1.16,3.41
-12.38,2.37,-0.2,4.4,-0.31,1.61,3.98,-9.64,-4.19,-12.72,-1.4,2.97,1.08,17.35,-2.72,14.1,-5.22,5.52,3.41,-2.15,2.99
-12.43,-0.75,-0.87,3.03,-0.19,0.89,3.53,-11.69,-4.75,-15.29,-1.56,-0.47,-1.65,15.49,-3.78,12.33,-5.45,0.22,2.88,-2.53,2.5
-14.89,-3.83,-1.63,1.9,0.47,-0.24,4.34,-12.6,-3.44,-13.75,-3.93,-6.01,-2.45,12.57,-2.09,9.21,-3.87,1.08,2.21,-2.07,1.94
-15.71,-4.5,-3.76,2.76,-1.13,0.63,4.49,-10.48,-1.18,-8.59,-6.55,1.78,-6.83,13.29,-4.83,9.3,-2.32,3.64,3.44,-0.78,3.08
-13.16,-10.36,-3.77,2.94,-1.69,0.87,4.69,-9.84,-0.24,-6.35,-6.98,0.27,-10.81,11.26,-4.39,9.53,-2.88,6.23,4.75,-0.16,3.48
-13.89,-11.32,-3.08,2.78,-0.65,0.25,5.38,-9.92,0.75,-4.98,-3.08,4.06,-5.85,12.75,0.08,11.11,-1.04,8.25,4.35,-0.89,3.12
-7.52,-7.53,1.12,2.09,1.95,-2.32,6,-14.11,2.13,-8.99,-6.58,-0.31,2.81,11.79,3.86,5.79,1.69,2,5.38,-2.3,1.09
-2.76,-7.36,2.94,0.79,3.67,-3.39,7.27,-14.19,3,-7.52,-5.2,-3.08,6.64,9.55,5.49,4.54,2.76,3.48,6.03,-2.2,1.11
0.01,-7.53,3.79,-0.59,3.99,-4.07,8.26,-14.02,5.99,-8.14,2.01,-3.27,6.52,6.56,3.81,1.89,7.29,0.08,5.68,-2.55,1.44
4.79,-7.37,3.68,-0.63,3.42,-3.61,7.35,-13.76,4.58,-10.1,5.56,-4.22,4.08,4.67,2.71,0.47,7.86,-3.22,6.22,-3.11,1.08
4.55,-6.69,2.88,0.33,2.67,-2.61,4.87,-13.17,1.62,-11.45,0.18,-8.19,5.13,5.16,1.48,2.46,3.14,-3.92,6.19,-3.27,0.45
4.48,-3.34,2.74,0.53,2.96,-1.95,4.98,-12.99,3.11,-12.06,-4.83,-10,7.72,5.61,4.61,7.33,5.32,-3.56,5.34,-3.98,-0.2
2.63,-3.01,3.34,0.06,3.72,-3.37,2.85,-15.83,-3.53,-15.93,-3.67,-11.08,10.64,3.89,5.29,3.98,-1.59,-5.17,5.3,-5.16,-1.98
2.44,-2.12,3.82,1.04,3.23,-2.87,3.11,-16.89,-3.31,-17.74,-0.57,-7.82,10.47,4.15,2.23,-0.54,-1.59,-9.1,6.89,-4.29,-1.88
1.45,-4.28,4.35,0.27,3.44,-3.39,3.95,-17.77,-3.04,-16.72,-0.92,-8.75,9.28,0.76,2.23,-5.59,-2.07,-7.54,7,-3.23,-1.23
0.33,-6.02,3.49,-0.51,3.28,-3.44,4.98,-17.27,-0.82,-14.6,3.59,-10.34,7.74,-0.79,1.71,-5.73,-0.03,-5.01,6.19,-2.36,-0.41
-0.17,-3.21,2.18,0.09,1.62,-2.04,4.83,-15.3,1.29,-10.65,3.79,-6.43,6.14,2.36,-0.4,0.73,1.99,0.28,5.73,-2.01,0.13
-1.76,-0.41,2.76,0.96,1.45,-1.53,4.97,-15.17,2.75,-11.78,0.38,-2.89,6.72,6.08,1.5,5.33,3.49,-3.93,6.38,-1.77,-0.04
-0.6,1.02,3.48,1.39,1.25,-1.22,4.35,-14.14,1.31,-9.74,3.45,-1.51,5.84,8.85,-0.92,8.37,1.27,0.05,7.45,-2.19,0.34
0.54,3.21,4.5,0.75,2.69,-2.2,5.22,-14.02,3.01,-7.37,3.17,2.66,8.39,8.84,2,5.36,3.27,1.59,7.77,-2.57,1.06
0.68,6.01,4.21,1.06,2.89,-2.58,5.72,-13.65,3.32,-5.03,6.81,2.02,9.1,10.71,2.44,5.73,3.31,3.76,7.41,-3.02,0.94
0.98,6.64,2.35,0.62,2.11,-1.55,6.08,-11.71,3.22,-2.97,4.31,0.08,8.62,11.99,1.04,9.93,3.03,4.44,5.83,-3.06,2.12
-1.62,6.76,1.12,0.51,1.37,-0.83,5.87,-11.52,0.37,-2.2,2.3,1.56,7.65,12.82,0.03,8.96,0.83,6.62,5.14,-2.71,2.33
-2.69,7.41,1.66,0.99,1.26,-1.19,5.69,-12.5,-1.21,-2.11,4.89,3.07,7.49,13.25,-0.89,5.05,-0.42,6.27,5.78,-1.71,2.5
-3.89,7.42,0.92,1.22,0.89,-1.63,5.09,-12.86,-1.9,-2.9,-0.7,-0.43,4.84,13.26,-2.19,3.39,-1.34,2.87,5.33,-0.87,2.28
-5.16,6.95,0.35,0.06,1.09,-1.72,6.94,-12.01,2.08,-1.35,-0.8,-1.1,2.32,10.82,1.02,3.93,2.85,3.55,4.72,-1.2,3.22
-7.91,5.24,-0.73,-0.49,0.57,-1.17,7.12,-9.87,1.98,1.42,-0.59,-1.18,2.38,10.98,0.41,7.9,2.78,7.35,3.54,-1.9,4.23
-8.91,4.72,-0.82,-1.59,0.81,-1.01,8.98,-9.92,4.41,-1.53,2.37,-2.73,1.87,9.63,-0.52,6.67,6.84,0.63,2.35,-2.47,5.76
-9.76,4.82,-1.49,-3.05,0.29,-0.47,11.28,-8.21,6.88,0.61,3.17,-2.61,1.95,9.88,1.05,8.08,9.25,2.07,0.37,-3.47,6.67
-12.15,2.88,-2.19,-3.19,0.23,0.49,12.33,-6.69,7.44,1.38,5.13,-1.41,3.05,9.29,4.03,8.71,9.88,2.69,-1.63,-4.05,7.17
-11.99,2.8,-2.73,-2.77,-0.22,0.18,12.34,-6.77,10.53,2.72,3.06,-2.73,2.62,9.33,3.73,8.47,13.28,5.2,-1.75,-4.45,6.27
-1.51,1.19,0.58,-3.35,0.96,-1.24,10.25,-9.42,7.33,-1.31,-3.38,-6.04,5.68,9.08,6.13,8.3,9.84,0.11,-0.28,-5.02,3.74
-8.64,1.05,-0.43,-2.96,0.71,-1.21,8.1,-12.47,4.36,-6.4,-2.87,-5.5,9.05,10.62,4.87,8.75,6.77,-2.2,-0.22,-5.16,1.94
-5.42,1.96,1.15,-2.49,1.72,-1.87,6.61,-15.99,2.36,-11.32,-6.85,-5.56,10.94,10.06,3.64,5.04,5.14,-2.28,1.73,-4.98,0.16
-3.96,5.64,1.33,-1.23,1.56,-1.11,6.09,-17.02,3.07,-14.23,1.48,-5.07,8.22,10.59,2.07,2.05,5.05,-3.77,3.43,-3.92,-0.2
-4.8,8.5,1.92,-0.25,1.6,-0.39,6.59,-16.12,5.06,-13.66,6.96,0.52,3.66,11.88,0.3,2.01,6.96,-0.69,4.47,-3.14,-0.07
-3.38,10.68,2.64,0.24,1.57,-0.79,6.19,-14.44,4.83,-11.06,7.13,3.81,-4.1,13.37,-1.68,2.26,7.24,2.95,6.06,-2.92,0.32
1.16,9.49,3.22,-0.32,1.73,-1.46,4.49,-13.7,0.81,-9.74,7.29,1.81,-0.06,13.58,-1.72,5.02,2.89,2.28,6.97,-3.15,0.73
0.41,8,2.51,-0.45,1.65,-1.55,3.87,-13.46,-1.23,-9.08,6.35,4.96,3.05,14.89,-2.07,9.36,1.22,0.64,5.86,-3.52,0.8
-0.74,5.19,1.99,-1.57,2.82,-2.93,3.36,-15.2,-2.65,-11.78,3.15,3.88,8.07,13.04,0.17,7.98,-0.67,-2.77,4.6,-3.88,-0.43
1.38,7.57,3.12,-1.36,4.17,-3.94,2.52,-17.33,-3.5,-14.32,2.76,1.57,11.5,13.76,0.5,3.04,-2.12,-6.38,5.12,-3.71,-1.78
1.64,9.57,4.86,-2.57,6,-4.98,3.09,-18.25,-4.27,-14.71,2.85,0.55,11.78,10.07,2.77,-2.32,-2.75,-5.3,6.31,-2.86,-1.64
-0.75,11.23,5.07,-3.47,5.59,-5.4,2.13,-18.26,-4.66,-17.26,0.61,3.01,8.91,10.21,1.16,-0.98,-3.32,-7.04,6.5,-3.16,-2.19
-1.32,12.61,3.54,-2.75,4.38,-4.84,2.67,-17,-3.43,-14.5,0.11,0.12,6.46,9.34,-0.66,-0.54,-2.35,-1.39,7.45,-3.06,-0.8
0.21,12.81,3.6,-2.4,4.51,-4.77,3.96,-17.14,-1.89,-14.67,-1.72,1.64,8.29,8.93,1.38,-2.28,-1.55,-2.64,8.02,-2.92,-0.12
0.3,13.4,2.67,-2.51,4.03,-4.06,3.47,-15.41,-2.86,-13.39,3.55,-1.95,4.86,10.39,-0.44,1.37,-3.95,-0.9,7.31,-2.88,-0.09
-1.11,12.56,1.11,-2.32,3.31,-3.22,3.21,-14.84,-4.22,-14.19,3.89,-3.38,2.74,12.33,-2.63,3.18,-5.06,-3.92,6.5,-2.65,0.2
-2.05,11.5,0.9,-2.63,2.95,-2.45,2.28,-13.99,-6.48,-12.69,5.11,3.8,1.6,12.65,-2.98,3.91,-6.59,-2,4.96,-2.8,0.59
-6.38,9.06,-0.28,-3.03,2.14,-1.52,0.57,-13,-8.82,-11.84,2.49,3.96,0.15,12.12,-5.72,4.3,-8.55,-3.05,3.42,-2.87,1.12
-10.58,8.34,-3.11,-3.09,0.69,-0.38,0.74,-12.26,-8.03,-10.06,1.37,4.12,-4.5,12.75,-5.58,5.23,-7.13,-2.79,1.96,-3.05,1.96
-12.87,7.75,-4.76,-3.06,0.5,0.19,2.49,-9.79,-4.97,-4.53,-1.37,4.87,-3.96,12.13,-4.24,3.51,-4.08,3.86,1.35,-3.05,4.08
-14.5,6.14,-5.82,-3.35,-0.04,0.52,2.18,-8.8,-5.48,-3.71,-4.09,1.19,-1.4,12.8,-3.4,4.9,-3.27,1.57,0.26,-3.78,4.4
-13.8,3.85,-5.84,-4.2,-0.32,0.61,2.94,-7.94,-2.73,0.14,1.36,-0.12,0.57,10.74,-3.66,6.68,-0.27,6.62,-0.37,-4.26,5.28
-13.53,0.22,-4.79,-4.64,0.28,-0.34,4.36,-8.16,0.19,0.12,3.09,3.67,1.16,8.84,-3.23,3.59,3.22,5.91,-1.08,-3.99,5.31
-14.98,-1.62,-4.13,-4.92,0.99,-0.69,6.09,-8.54,4.23,-2.08,-1.77,3,-0.34,8.56,-1.02,1.73,7.52,1.25,-2.14,-4.42,5.14
-18.24,0.83,-5.91,-2.7,0.04,0.99,3.9,-8.32,-2.57,-3.84,-4.64,-1.22,-3.33,12.04,-1.66,5.16,-0.38,1.7,-2.2,-4.67,3.57
-17.75,4.5,-8.28,0.53,-1.49,2.01,3.66,-7.14,-0.47,-4.27,-7.76,-0.01,-7.23,14.88,-4.87,8.99,0.96,2.33,-0.67,-4.15,4.46
-16.06,4.99,-8.68,2.41,-1.41,2.86,3.61,-5.92,0.84,-1.03,-4.44,2.13,-7.4,17.21,-5.89,10.78,1.32,8.15,1.35,-3.3,5.93
-1.91,7.16,-4.03,3.01,-0.22,1.53,3.06,-8.91,-0.15,-6.35,-2.94,2.55,-5.48,17.68,-5.82,9.42,0.15,-0.71,5.36,-3.27,5.15
-10.26,4.86,-2.67,1.72,1.01,-0.04,4.57,-10.05,3.1,-5.77,0.66,1.6,-0.99,14.28,-0.42,6.31,2.53,0.91,4.76,-2.85,5.04
-10.97,3.74,-0.82,1.32,1.74,-0.42,5.19,-10.26,5.18,-5.25,0.36,2.74,0.99,12.95,1.89,3.08,5.28,0.7,5.68,-2.63,4.62
-12.87,2.88,-0.64,0.6,1.17,-0.27,3.45,-9.55,3.08,-3.46,0.28,2.56,0.37,13.53,-0.9,4.43,2.31,2.09,4.39,-2.88,3.64
-13.26,1.22,-2,0.01,0.49,-0.44,2.31,-8.63,1.12,-1.73,3.55,2.38,0.61,14.37,-2.82,5.93,0.83,2.61,3.39,-3.04,3.25
-7.55,0.93,-2.22,0.19,0.51,0.38,2.82,-6.88,3.49,1.44,4.52,2.96,-1.61,16.75,-4.14,9.23,3.5,4.98,3.73,-3.24,4.51
-4.75,0.57,-1.55,0.05,0.51,0.56,1.75,-6.87,0,-0.22,-1.68,0.2,-2.47,15.95,-4.65,10.72,0.98,3.18,3.73,-3.69,4.02
-6.64,1.65,-1.12,1.52,-0.03,0.85,0.82,-6.88,-4.34,-0.62,-1.3,-2.24,-0.65,15.64,-3.2,9.3,-2.57,5.23,4.31,-4.22,3.28
-9.92,4.7,-1.73,3.61,-0.78,1.32,-0.45,-8.13,-6.12,-3.44,-3.04,-1.27,-0.18,16.26,-4.48,5.69,-4.76,1.46,5.06,-3.96,2.21
-10.82,3.06,-1.96,4.15,-1.05,1.58,-0.56,-8.44,-6.12,-4.49,-2.77,1.46,-1.91,17.87,-4.3,5.78,-5.12,-0.74,5.26,-3.37,1.41
-9.75,4.69,-3.16,4.63,-1.88,2.16,-0.18,-8.75,-3.49,-4.15,-2.32,2.33,-1.53,19.57,-6.92,8.23,-3.42,0.21,5.02,-2.92,1.01
-9.26,3.95,-2.04,3.46,-0.7,1.35,1.28,-9.95,-0.95,-4.86,-2.17,-2.07,1.57,17.99,-4.86,6.53,-0.55,-0.43,4.67,-2.87,0.79
-9.43,2.88,-1.66,2.37,-0.59,0.97,2.73,-9.32,3.25,-0.62,2.59,5.2,2.23,15.78,-3.37,7.13,3.74,6.41,4.76,-3.05,1.75
-7.14,2.58,-0.43,1.69,-0.19,0.35,4.1,-8.9,8.32,1.99,2.93,0.44,3.77,13.12,-0.88,6.12,8.4,6.64,5.15,-3.18,2.23
-6.26,0.17,-0.02,1.72,0.36,0.47,3.42,-9.89,4.84,-2.09,1.47,-1.25,4.25,12.28,-0.68,3.84,3.76,0.77,5.72,-2.46,2.02
-7.16,0.11,-2.04,3.38,-0.91,2.2,2.71,-8.68,2.97,-2.66,-1.86,-4.11,-1.18,14.67,-5.04,6.53,1.68,-0.6,5.78,-1.65,3.09
-8.26,0.37,-3.61,4.44,-1.38,2.94,2.44,-8.21,1.46,-4.61,-5.78,-6.63,-3.81,14.94,-7.91,9.13,-0.93,-1.81,6.65,-0.76,3.4
-7.84,1.17,-3.29,4.44,-0.02,1.6,2.13,-8.86,-2.2,-6.35,-3.32,-6.4,-4.75,14.84,-8.04,7.24,-4.37,-3.07,7.18,-0.31,2.94
-8.3,-1.7,-1.33,2.22,1.72,-0.98,3.15,-10.99,-3.65,-8.56,-3.65,-3.07,-1.29,11.45,-6.46,0.68,-5.55,-3.87,6.99,-0.32,2.13
-11.27,-4.71,-0.11,0.24,3.54,-2.68,3.01,-11.06,-6.22,-7.03,-12.05,-4.86,1.81,8.44,-3.69,0.04,-7.37,0.79,6.43,-0.78,1.13
-12.63,-4.7,0.4,0.09,3.68,-3.07,2.5,-12.7,-8.27,-11.07,-10.44,-7.65,0.3,8.4,-4.73,-1.26,-8.44,-5.14,7.24,-0.12,0.74
-12.88,-5.93,0.56,-0.69,3.43,-2.71,3.94,-11.42,-5.92,-9.73,-9.5,-9.72,0.95,7.69,-4.16,0.77,-5.38,-3.04,7.67,0.56,1.74
-11.62,-3.06,0.08,0.44,2.74,-1.79,3.54,-10.38,-2.85,-8.17,-5.84,-10.16,1.03,9.33,-3.58,2.13,-3.12,-3.43,8.5,0.66,2.17
-9.36,-1.33,0.51,1.22,2.12,-1.64,2.55,-10.54,-0.9,-8.53,-6.49,-5.77,3.79,10.74,-2.76,1.47,-1.79,-5.06,9.18,0.21,1.58
-8.67,-0.17,-1.03,2.14,0.55,0,1.27,-8.83,-0.03,-7.01,-4.36,-3.18,2.42,13.09,-5.07,5.81,-2.47,-1.39,7.94,-0.79,1.73
-8.77,-1.92,-3.21,2.28,-0.79,1.53,0.19,-6.83,1.09,-3.23,-2.25,-1.5,-1.37,13.99,-6.64,8.7,-2.97,3.84,6.15,-1.82,2.64
-10.9,-5.18,-4.1,2.35,-1.42,2.01,0.64,-5.82,1.3,-2.76,-4.27,-0.71,-5.75,13.97,-7.5,8.7,-3.56,2.21,5.48,-1.92,3.4
-14.2,-8.64,-3.09,0.91,0.08,1.16,2.34,-6.73,2.42,-3.06,-2.8,-2.48,-4.34,10.93,-3.94,5.65,-1.75,1.99,4.07,-1.91,3.93
-7.8,-2.95,0.38,0.93,1.91,-0.28,2.16,-8.68,2.49,-4.76,-4.55,-6.03,4.47,10.99,0.47,2.28,-0.05,1.11,4.74,-3.44,1.63
-6.81,-3.53,0.78,0.35,1.93,-0.86,0.23,-9.14,-1.32,-5.06,-4.9,-9.35,6.75,10.19,-0.16,2.89,-3.47,2.6,4.46,-4.46,0.09
-7.97,-3.6,0.01,-0.03,1.82,-1.23,0.42,-8.86,-0.25,-5.66,-6.59,-7.21,9.46,10.64,3.52,5.93,-2.87,-0.86,3.95,-5.19,-0.33
-5.49,-2.39,-0.87,-0.54,1.75,-1.56,-0.34,-9.2,0.09,-5.93,-1.02,-4.19,8.98,11.42,4.22,8.35,-3.22,-0.8,4.17,-6.19,-1.72
-7.19,-4.01,-2.08,-0.44,0.93,-1.72,0.15,-9.7,1.77,-6.98,2.22,-3.07,6.2,10.26,1.03,5,-1.54,0.68,3.94,-5.49,-1.67
-6.41,-2.56,-0.34,-0.05,2.17,-2.45,1.44,-11.01,2.69,-7.03,6.35,0.35,7.16,8.24,0.67,-0.67,0.32,3.43,5.05,-4.55,-0.96
-4.67,-1.81,0.46,-0.33,2.18,-2.9,1.72,-12.19,3.28,-9.03,8.88,-0.57,8.61,7.81,-0.14,-0.44,1.62,0.31,5,-4.71,-1.65
-3.72,-1.31,-0.4,1.2,1.7,-2.51,1.27,-12.59,4.38,-8.8,5.5,-1.4,7.87,10.27,-0.35,0.99,3.09,0.53,5.6,-4.81,-2.12
-6.35,-2.35,-0.12,1.55,1.61,-1.97,0.74,-13.05,2.14,-8.96,4.94,0.48,7.74,8.47,0.71,1.99,-0.41,-1.59,5.87,-4.22,-2.34
-5.42,-3.16,0.88,2,1.7,-2.11,0.27,-14.1,-0.19,-9.07,3.15,-0.77,9.47,8.94,1.97,2.2,-2.8,-0.5,6.9,-3.63,-3.02
-2.75,-1.68,1.85,2.2,1.56,-1.92,1.13,-13.29,1.64,-6.25,7.02,3.18,9.43,9.49,3.41,3.39,-0.79,4.45,8.07,-2.68,-2.71
-0.13,-2.6,2.33,1.54,0.92,-1.56,1.63,-13.2,3.28,-5.88,9.22,2.98,7.46,8.84,0.96,4.03,1.16,1.97,8.45,-1.71,-1.62
-0.36,-3.81,2.33,0.79,0.79,-0.72,3.01,-10.53,5.96,-2.66,8.66,4.53,7.44,10.32,-0.09,7.91,4.58,3.91,8.29,-1.42,0.07
-2.98,-4.17,2.85,-0.47,1.78,-1.4,5.47,-9.42,10.61,0.36,6.69,6.93,8.28,9.54,2.55,5.84,9.67,7.06,7.49,-1.52,2.14
-3.48,-3.96,3,-0.72,2.32,-1.6,5.62,-8.86,10.74,0.61,8.32,7.08,9.77,8.75,4.04,3.2,8.2,7.25,6.39,-2.43,3.27
-4.8,-6.87,1.37,-1.36,2.05,-1.59,5.1,-8.44,9.97,1.07,7.71,5.76,10.06,6.99,4.03,2.29,5.03,7.53,4.7,-2.75,3.88
-6,-9.11,-0.55,-1.83,1.46,-1.46,4.84,-7.68,10.12,1.43,6.64,3.77,8.9,7.45,5.1,3.61,4.21,6,3.13,-3.44,3.4
-7.77,-12.69,-2.02,-2.66,0.51,-0.7,6.04,-5.64,11.53,4.12,-4.87,0.26,7.09,7.46,4.61,7.92,5.12,7.25,1.87,-3,4.26
-7.98,-13.27,-2.89,-1.9,-0.04,0.19,7.03,-6.76,11.27,0.87,0.72,-1.5,4.39,7.72,1.35,6.54,5.08,2.96,2.29,-2.06,4.83
-9.66,-14.27,-2.68,-1.22,0.44,0.68,8.64,-7.06,11.1,0.19,1.49,-2.61,5.78,7.06,3.86,7.03,4.68,4.32,1.92,-1.81,4.19
-12.12,-13.54,-3.47,-0.63,0.08,0.73,9.93,-7.35,12.83,0.58,-0.09,-2.74,5.19,6.86,2.31,3.43,6.58,5.34,1.32,-1.68,4.67
-13.36,-12.15,-4.08,-0.28,0.21,0.96,11.08,-5.81,16.52,3.81,4.09,2.23,2.91,5.41,1.53,2.4,10.38,7.75,1.12,-1.45,5.92
-12.8,-12.54,-4.53,-0.12,0.41,0.28,10.43,-5.63,15.58,4.38,4.89,4.38,2.4,5.29,1.98,2.84,11.77,8.95,0.97,-1.87,5.56
-12.51,-9.32,-4.14,0.07,0.79,-0.02,9.44,-6.82,12.78,0.89,-1.91,1.42,0.52,6.27,3.64,2.88,11.16,6.72,2.02,-2.14,5.13
-11.1,-10.47,-3.67,-1.46,1.8,-1.48,8.97,-9.42,9.97,-3.93,1.39,2.32,3.11,5.05,7.39,2.79,9.45,2.99,2.3,-1.83,4.39
-8.21,-8.89,-2.72,-0.85,2.14,-1.93,5.27,-13.01,2.01,-11.42,1.42,-1.85,7.64,6.24,7.68,3.16,1.2,-0.16,4.14,-1.74,1.57
-5.36,-5.68,-0.91,1.12,1.93,-1.92,3.46,-14.6,-0.76,-14.33,5.66,-2.47,9.77,7.73,6.02,1.56,-0.52,-1.38,6.6,-1.27,-0.15
-2.17,-5.75,-1.21,3.33,0.46,-0.87,2.24,-12.41,0,-12.7,10.35,-0.51,7.79,9.58,-0.12,6.2,0.54,-0.17,8.23,-0.6,0.44
0.18,-5.13,0.2,4.14,1.45,-1.4,3.52,-10.63,2.96,-7.18,14.47,-2.27,6.26,8.85,1.94,5.06,3.11,6.95,9.45,0.16,2.39
2.4,-5.31,1.17,4.3,2.8,-2.63,6.41,-10.98,8.94,-7.5,16.97,-0.39,6.58,7.55,3.43,0.55,8.91,4.74,9.1,0.7,3.82
-0.18,-5.39,1.48,2.64,4.14,-3.9,8.44,-11.23,12.56,-7.16,14.79,-3.13,8.16,5.92,5,-1.17,12.88,5.53,7.18,0.8,4.3
-2.11,-7.64,1.56,0.97,5.35,-4.48,10.09,-10.58,13.39,-7.06,8.19,-0.42,10.7,6.11,8.11,-2.01,14.44,5.8,5.15,0.37,4.94
-3.77,-9.28,-0.36,0.25,3.79,-3.53,8.13,-9.68,9.44,-7.65,7.5,1.86,11.35,8.33,8.38,1.85,9.83,4.7,2.63,-1.47,4.38
-4.58,-11.89,-2.16,1.34,1.57,-0.88,4.48,-7.5,4.42,-7.78,1.02,3.14,11.05,11.14,4.7,7.83,3.63,4.65,2.16,-2.26,3.5
-3.79,-11.42,-3.34,2.43,-0.4,1.11,2.55,-5.93,1.37,-6.19,4.2,2.51,9.45,10.24,2.1,11.08,-0.66,7.63,2.34,-2.87,3.48
-3.95,-10.45,-3.87,3.13,-1.54,2.35,2.51,-5.77,2.21,-5.45,10.1,4.65,7.83,8.31,0.58,9.19,-0.41,8.65,3.57,-1.55,3.36
-7.51,-12.26,-4.03,2.39,-1.66,2.81,3.46,-4.81,3.96,-2.01,11.01,6.5,6.97,5.13,0.59,6.1,0.72,12.53,3.39,-0.78,4.31
-9.5,-14.04,-4.45,0.93,-1.1,2.16,3.42,-6.68,2.53,-6.7,10.7,4.39,1.93,4.58,0.76,4.52,-2.33,3.55,1.52,-1.59,3.27
-9.39,-14.08,-6.08,0.22,-1.14,1.41,4.76,-6.58,4.98,-5.68,7.58,4.08,1.19,5.68,-1.51,3.15,-1.24,5.58,0.48,-2.06,4.29
-8.2,-15.6,-6.54,-0.65,-0.82,1.4,6.13,-6.56,6.79,-5.06,6.01,4.59,3.21,5.39,-1.92,2.85,-0.36,5.5,-0.71,-2.12,4.74
-6.34,-16.56,-6.55,-1.25,-0.62,0.63,6.53,-7.21,6.55,-5.19,4.59,1.76,5.08,3.01,-3.11,0.92,-0.39,4.6,-1.01,-2.48,4.57
-7.25,-19.35,-6.02,-1.34,-0.44,1.03,6.66,-6.74,6.65,-6.12,-0.87,-1.78,6.92,1.89,-1.1,2.06,1.06,5.01,-1.19,-2.72,3.78
-7.61,-22.38,-4.64,-2.28,0.84,0.32,7.53,-6.99,8.01,-7.68,-1.24,-1.03,7.48,0.1,-0.46,1.98,2.32,1.36,-1.21,-2.12,3.97
-9.84,-25.13,-3.84,-3.54,2.27,-1.23,10.12,-7.58,13.96,-9.37,-3.41,-3.39,5.41,-1.59,1.95,1.79,8.56,-1.76,-1.55,-1.38,4.99
-10.55,-23.42,-2.8,-2.59,2.89,-1.93,11.05,-9.76,16.47,-12.32,0.23,-1.64,3.41,-0.36,0.88,-1.62,11.3,-5.44,-0.24,-0.4,5.25
-8.88,-20.87,-2.78,-1.8,2.69,-2.88,10.81,-10.81,15.34,-10,5.58,0.49,-0.85,-0.26,-1.86,-6.35,10.99,-0.5,1.35,0.86,5.14
-8.38,-19.91,-3.27,-0.95,2.44,-2.38,9.69,-9.96,14.4,-5.96,2.57,3.32,-0.81,2.04,-1.16,-5.24,10.88,5.03,2.04,0.89,4.52
-8.03,-19.15,-3.22,0.26,1.62,-1.97,6.9,-10.36,8.76,-6.41,6.44,5.53,1.63,3.31,-1.43,-4.07,5.19,2.37,2.43,0.11,3.17
-10.83,-19.26,-2.96,0.15,1.99,-1.56,6.84,-8.8,8.74,-6.17,7.99,6.1,3.55,5.41,0.31,1.03,4.99,0.89,1.8,-0.27,3.73
-9.08,-18.51,-2.87,-1.07,3.4,-2.71,8.94,-8.3,11.55,-5.27,7.72,6.14,5.75,4.4,2.7,0.52,8.04,3.63,1.83,0.27,4.32
-8.15,-16.83,-3.37,-1.56,3.66,-3.63,9.99,-7.77,12.87,-3.77,9.05,4.85,5.6,4.53,3.93,0.09,9.38,5.18,1.42,0.68,5.47
-8.4,-17.22,-4.05,-1.56,4.31,-4.15,10.05,-8.52,13.58,-4.53,7.03,2.55,2.36,2.92,2.77,-3.93,10.39,4.68,1.45,1.13,5.97
-6.42,-19.63,-4.48,-1.61,4.52,-4.62,9.4,-9.93,13.12,-4.2,2.63,2.63,3.26,-0.49,2.87,-5.06,10.57,3.88,2.14,0.58,4.96
-7.36,-18.63,-5.93,0.13,2.46,-3.11,6.96,-9.89,11.24,-4.9,2.98,3.49,2.64,0.8,-0.19,-1.08,9.36,1.42,2.84,-0.01,4.1
-8.93,-19.19,-7.54,2.35,0.91,-0.75,5.2,-8.38,9.79,-3.81,6.03,4.39,0.44,4.24,-2.73,2.08,8.79,1.79,3.35,-0.58,3.4
-9.62,-18.63,-7.41,1.95,0.34,-0.65,3.33,-9.02,6.37,-4.46,4.01,4.97,-0.29,2.63,-4.78,0.34,5.09,1.42,3.11,-1.62,1.72
-10.5,-19.61,-8.35,0.9,-0.19,-0.26,2.09,-8,3.9,-4.24,2.76,1.95,-1.52,3.03,-5.78,2.38,1.58,1.32,1.99,-2.51,1.45
-8.61,-21.09,-7.54,-0.28,0.29,-0.74,1.72,-6.9,4.08,-0.33,-4.39,0.32,-0.86,1.01,-6.13,3.61,0.68,8.14,2.13,-2.58,2.58
-7.36,-21.48,-5.54,-1.7,2.42,-2.83,3.16,-8.91,5.44,-2.39,-0.5,-2.01,0.08,-1.76,-3.22,-1.4,2.05,2.82,2.78,-1.93,3.06
-2.56,-21.51,-3.36,-2.14,4.22,-4.85,4.05,-10.52,5.51,-2.7,0.89,-2.47,3.61,-2.63,1.2,-4.85,3.77,1.23,3.96,-1.07,2.8
0.63,-21.07,-1.85,-1.86,5.91,-5.71,6.36,-11.04,8.68,-2.26,-1.16,-0.08,9.53,-3.63,6.21,-5.43,9.11,1.31,4.23,-0.7,2.91
3.19,-16.63,-2.3,0.76,4.35,-4.34,6.09,-10.08,8.57,-3.33,2.1,0.11,5.64,-1.46,3.53,-2.68,9.23,-0.85,4.61,-1.15,3.1
8.18,-8.99,-2.11,4.04,2.53,-2.88,3.38,-9.08,4.2,-1.93,1.78,1.83,8.97,1.49,-2.01,0.84,3.45,2.19,6.23,-1.94,1.89
17.33,-0.49,-1.32,7.39,1.97,-2.3,0.63,-8.88,0.04,-2.05,-2.15,-1.87,8.83,4.49,-5.5,2.28,-1.72,3.79,9.15,-1.62,0.56
29.97,7.48,-1.69,10.68,0.74,-1.77,-2.46,-10.98,-4.54,-6.95,-5.71,-10.28,4.21,5.74,-10.07,1.37,-7.14,-5.04,13.33,-0.9,-1.36
44.56,15.58,0.73,12.72,2.1,-2.69,-2.67,-14.71,-5.56,-11.34,-10.41,-18.34,7.99,3.74,-9.37,-5,-7.03,-9.3,17.82,0.37,-2.82
58.71,24.44,3.77,14.41,3.74,-3.68,-2.09,-17.46,-7.31,-14.66,-16.27,-23.55,10.09,1.07,-7.47,-9.21,-7.7,-11.94,22.19,1.25,-3.61
71.27,36.28,4.93,17.28,4.15,-4.16,-2.46,-19.34,-8.37,-17.48,-31.24,-27.72,7.94,0.52,-5.59,-13.44,-9.02,-14.49,25.3,1.33,-4.29
87.9,56.04,5.8,22.68,3.04,-3.85,-5.54,-20.24,-11.55,-18.86,-33.02,-30.86,9.12,6.14,-11.39,-14.5,-12.76,-13.2,28.95,0.2,-6.32
106.33,76.81,6.67,26.61,2.53,-3.13,-8.92,-20.57,-16.41,-22.25,-41.36,-36.71,12.84,11.78,-13.26,-13.33,-17.23,-17.65,31.92,-1.95,-8.9
116.11,90.31,5.49,28.67,0.74,-2.07,-10.26,-20.6,-16.93,-24.38,-44.64,-45.99,5.28,12.57,-15.51,-12.84,-18.52,-20.86,33.06,-3.54,-9.61
124.49,102.24,5.36,31.08,-0.96,-0.45,-12.23,-19.88,-17.83,-24.1,-47,-51.07,0.54,14.44,-20.38,-11.58,-21.12,-20.24,34.81,-4.37,-10.36
129.47,109.34,6.59,31.76,-1.22,0.2,-14.44,-21.15,-19.98,-27.69,-49.14,-51.88,2.8,15.91,-23.83,-12.89,-23.73,-25.11,36.46,-5,-11.38
132.75,113.06,5.81,33.53,-2.09,1.63,-17.83,-20.02,-24.77,-27.03,-51.55,-52.15,2.28,18.09,-27.2,-9.4,-30.06,-25.46,38.13,-4.96,-11.98
136.65,116.32,4.99,35.06,-2.21,1.47,-19.57,-21.1,-26.44,-27.15,-51.75,-46.26,3.07,19.51,-29.4,-11.5,-31.64,-22.03,39.88,-5.45,-13.08
135.53,117.82,3.45,36.04,-3.33,2.96,-20.56,-20.26,-27.27,-25.42,-51.3,-44.35,-0.76,23.37,-29.03,-9.13,-32.3,-18.23,40.91,-5.9,-13.25
129.2,115.42,2.27,35.84,-3.73,3.54,-19.74,-19.65,-25.74,-24.96,-56.26,-44.45,-3.13,25.41,-27.86,-8.25,-29.45,-17.53,40,-5.74,-12.56
122.64,113.76,1.46,35.57,-4.46,3.72,-18.3,-19.38,-25.8,-24.6,-56.49,-43.35,-7.72,28.59,-26.61,-9.81,-29.93,-19.99,38.66,-5.27,-11.74
111.69,108.65,2.67,33.02,-3.38,3.12,-17.31,-19.23,-24.63,-23.01,-55.82,-43.97,-4.34,28.67,-21.68,-10.85,-28.63,-19.46,35.13,-5.78,-11.39
108.04,106.41,1.7,33.55,-3.71,4.27,-17.55,-16.91,-25.11,-20.79,-51.9,-39.69,-5.84,30.36,-24.51,-6.52,-29.16,-16.92,34.54,-5.51,-10.5
98.48,98.46,-1.47,32.41,-4.47,4.72,-15.43,-13.99,-21.12,-16.22,-46.49,-36.6,-10.8,27.7,-26.54,-4.09,-25.15,-11.34,32.78,-4.71,-7.88
90.14,91.25,-3.31,30.91,-4.33,4.51,-14.56,-12,-18.66,-11.72,-42.66,-32.13,-13.83,25.65,-27.35,-3.86,-22.92,-4.18,31.08,-4.36,-6.04
81.36,84.02,-4.49,28.09,-3.78,2.95,-13.25,-13.89,-16.43,-16.32,-43.77,-33.1,-13.39,23.74,-25.92,-5.7,-20.57,-12.46,28.63,-4.64,-6.17
73.13,75.73,-4.09,24.82,-2.66,1.62,-12.05,-15.46,-16.74,-19.52,-44.33,-34.06,-10.05,21.62,-22.22,-6.31,-20.47,-18.71,26.16,-5.33,-7.16
65.35,66.12,-2.71,21.72,-0.66,-0.19,-9.42,-16.75,-14.37,-18.74,-40.63,-31.74,-8.69,16.22,-18.8,-13.15,-17.71,-15.52,23.76,-4.38,-6.54
56.24,57.17,-2.33,18.43,0.73,-1.45,-6.12,-16.46,-11.58,-16.95,-35.34,-27.51,-8.24,12.38,-15.14,-15.2,-14.08,-14.37,21.06,-4.01,-4.66
48.63,46.85,-3.09,15.14,1.6,-1.97,-2.74,-14.86,-6.23,-13.68,-33.23,-25.64,-8.81,7.94,-11.96,-13.62,-7.79,-12.41,18.75,-3.38,-2.38
42.16,39,-3.4,13.39,1.36,-1.91,-1.61,-13.48,-4.6,-11.43,-31.18,-21.65,-12.92,6.39,-13.45,-11.21,-4.85,-9.46,17.4,-2.14,-0.98
37.78,32.69,-2.26,10.88,2.91,-3.24,-1.33,-14.07,-4.61,-11.84,-29.92,-24.07,-11.32,5.08,-12.54,-10.14,-4.71,-9.33,16.31,-1.66,-0.78
30.33,26.56,-1.32,9.76,3.84,-3.79,-1.08,-14.29,-5.55,-11.3,-32.09,-22.17,-10.7,4.34,-10.06,-9.94,-6.01,-8.38,15.53,-0.69,-1.13
22.88,21.58,-2.11,9.78,2.56,-3.05,-2.75,-14.21,-8.36,-11.42,-28.9,-18.79,-11.38,3.58,-13.38,-11.9,-8.9,-8.15,15.06,-0.43,-1.69
15.32,15.15,-4.44,9.46,0.66,-1.09,-3.24,-11.54,-9.09,-7.81,-24.53,-13.36,-11.17,5.55,-13.86,-9.47,-10.09,-3.69,13.21,-0.76,-0.29
10.03,11.75,-6.49,9.28,-0.9,0.29,-3.95,-9.55,-9.65,-6.05,-21.82,-9.11,-11.41,7.13,-12.82,-6.73,-11.06,-4.15,11.81,-1.85,0.53
6.2,2.84,-7.92,7.35,-1.53,1.27,-3.21,-7.52,-6.63,-4.32,-17.52,-9.09,-13.47,7.38,-12.86,-3.35,-7.59,-5.09,10.15,-1.93,1.38
4.65,-3.24,-6.91,4.58,-0.48,0.22,-2.66,-7.65,-7.82,-4.69,-12.5,-8.76,-11.4,3.96,-10.28,-1.47,-7.98,-4.81,9.37,-1.7,1.13
2.22,-8.14,-4.35,1.68,1.76,-2.99,-0.67,-10.84,-5.97,-9.2,-11.94,-9.64,-8.82,0.26,-7.65,-6.64,-6.19,-6.17,9.36,-1.37,0.5
-0.52,-11.48,-3.06,0.59,2.49,-3.55,0.12,-13.34,-6.13,-15.96,-11.84,-9.19,-8.28,-1.06,-8.95,-8.16,-5,-10.08,9.25,-0.82,-0.52
-6.9,-13.52,-4.74,1,2.52,-3,0.75,-13.48,-4.06,-18.3,-10.32,-9.52,-10.95,-0.74,-11.24,-8.68,-2.63,-10.55,9.51,-0.29,-0.22
-12.92,-17.24,-6.9,1.81,1.8,-1.55,0.59,-11.86,-4.28,-15.95,-15.99,-7.67,-12.84,1.54,-10.76,-6.85,-2.86,-9.15,8.07,-0.58,0.16
-15.32,-20.82,-8.48,1.86,0.71,-0.38,0.6,-8.97,-2.82,-8.84,-15.12,-7.45,-13.13,1.33,-12.02,-5.07,-1.83,-3.76,6.95,-1.64,0.48
-19.42,-23.21,-8.57,1.37,0.63,-0.45,0.54,-8.5,-2.9,-2.81,-12.38,-6.64,-13.18,0.71,-9.09,-4.09,-1.88,-0.34,6.43,-2.66,-0.09
-20.6,-23.6,-7.32,0.92,0.71,-0.79,1.92,-7.31,-0.78,1.29,-11.33,-1.54,-15.28,1.94,-7.72,-1.03,-0.55,1.33,6.55,-3.19,1.1
-19.73,-24.52,-6.37,0,1.49,-1.75,4.79,-7.19,4.54,4.56,-10.02,3.22,-12.99,1.67,-7.14,-1.08,4.04,6.51,7.13,-2.38,3.25
-21.25,-24.73,-6.72,-0.73,1.94,-2.45,7.48,-6.22,9.41,4.91,-0.6,9.2,-12.08,0.83,-7.32,-1.35,7.77,8.66,7.1,-1.2,4.98
-21.38,-27.59,-6.89,-1.72,1.97,-3.11,9.34,-5.81,11.25,3.87,2.35,11.09,-11.01,-0.37,-5.89,-1.88,9.25,9.47,6.82,-0.37,5.99
-22.74,-26.09,-7.2,-1.38,1.68,-2.44,9.57,-5.43,11.03,2.08,4.77,12.04,-11.67,-0.51,-5.63,-2.66,9.68,7.2,6.65,0.54,6.53
-26.33,-28.15,-7.88,-1.34,1.17,-1.79,8.06,-6.22,6.72,-2.94,1.33,3.51,-11.26,-1.9,-4.05,-1.74,6.16,0.32,6.42,1.23,5.9
-29.05,-28.33,-7.83,0.29,0.75,-0.44,7.16,-6.25,5.04,-5.43,-5.68,-0.16,-12.89,0.53,-3.07,-2.01,3.73,-6.74,6.31,1.48,6.36
-30,-30.19,-6.75,-0.99,1.68,-1.23,8.22,-5.93,4.58,-3.98,-6.12,-1.58,-10.99,-5.89,-2.51,-7.36,1.66,-8.42,6.07,2.35,8.18
-32.31,-34.7,-7.16,-2.82,1.86,-0.87,10.6,-4.32,9.71,-0.86,-6.38,1.17,-13,-8.66,-4.33,-10.52,5.08,-6.74,4.02,2.24,9.79
-33.51,-39.1,-10.63,-4.11,-0.05,0.27,12.45,-1.4,15.96,4.49,-4.93,1.46,-15.88,-9.56,-6.94,-9.32,11.05,-3.71,1.48,1.79,11.6
-35.66,-40.79,-12.93,-5.26,-1,1.31,14.51,1.09,22.75,8.28,-3.41,2.06,-17.04,-9.03,-7.62,-5.94,18.98,0.75,-0.48,1.93,12.56
-37.7,-42.27,-14.37,-5.85,-1.57,1.84,13.05,1.3,23.28,9.27,-3.7,5.24,-15.62,-5.05,-6.01,-1.88,19.6,4.29,-1.64,0.96,11.35
-40.25,-43.43,-14.67,-6.94,-1.55,2.16,12.9,2.65,25.48,11.88,-1.46,7.12,-12.96,-2.85,-2.82,3.12,22.16,10.28,-3.34,-0.44,10.21
-38.81,-42.56,-13.49,-7.46,-0.64,0.99,13.42,2.03,25.14,14.52,4.06,9.97,-11.67,-2.91,-0.31,3.76,22.44,14.82,-3.98,-1.28,9.88
-39.83,-43.2,-13.98,-7.41,-0.65,1.09,13.14,2.92,22.66,16.73,3.58,10.88,-11.32,-2.57,0.44,6.41,20.93,17.33,-5.44,-1.61,9.85
-44.44,-46.4,-16.27,-8.1,-1.41,1.29,12.8,3.5,20.74,16.7,1.4,8.24,-14.29,-2.99,-0.05,7.19,18.37,16.05,-6.97,-1.84,10.65
-45.01,-46.93,-16.09,-8.25,-1.2,0.92,13.49,3.94,21.31,16.66,-2.6,6.86,-14.03,-5.03,0.71,4.56,18.9,16.05,-6.77,-1.12,11.61
-45.72,-50.26,-14.31,-10.14,0.35,-0.71,14.05,2.67,19.48,14.59,-3.52,5.31,-12.67,-9.51,4.22,-0.38,15.6,13.64,-6.86,-0.89,11.26
-45.42,-53.08,-13.29,-11.34,1.58,-1.1,14.75,1.47,19.91,11.87,-5.96,4.54,-15.82,-13,3.98,-2.04,17.28,9.94,-7.2,-0.89,11
-44.18,-54.88,-12.77,-10.93,1.31,-0.62,13.07,-0.88,16.5,7.19,-5.51,2.12,-14.96,-13.47,0.97,-0.89,15.83,4.56,-6.78,-0.86,9.67
-43,-55.17,-12.11,-10.03,2.06,-1.3,12.74,-4.44,14.99,2.08,-5.34,-2.03,-12.94,-14.56,-1.65,-3.19,15.9,1.43,-5.47,-0.01,8.66
-43.4,-54.38,-11.29,-10.29,3.38,-2.75,12.01,-7.14,13.59,-3.87,-3.98,-2.45,-11.64,-14.95,-2.14,-6.94,14.82,-2.28,-4.26,0.11,7.7
-43.92,-52.77,-10.84,-10.2,3.94,-2.73,12.8,-6.25,16.13,-4.41,-3.04,-3.4,-9.6,-14.48,-0.06,-7.39,16.75,-3.63,-3.8,0.62,8.17
-42.74,-49.41,-10.47,-9.09,3.31,-2.4,11.31,-5.33,13.18,-4.82,-1.59,-1.73,-9.64,-13.69,1.28,-7.06,12.66,-4.54,-3.27,0.94,7.39
-40.04,-47.3,-8.99,-6.85,3.4,-2.77,9.62,-6.72,10.04,-6.59,-0.2,-1.53,-9.31,-12.84,1.65,-8.71,10.08,-4.45,-1.57,1.45,5.7
-37.97,-47.54,-8.98,-4.85,3.04,-2.38,6.78,-8.68,5.31,-10.68,-4.28,-0.07,-9.32,-11.62,1.19,-7.82,6.7,-7.98,-0.16,1.88,3.8
-36.78,-47.9,-9.02,-3.45,2.75,-1.65,5.95,-8.97,4.04,-12.02,-2.36,0.42,-7.96,-10.85,-0.74,-7.3,5.87,-6.66,1.25,2.73,3.12
-36.51,-50.21,-9.95,-3.74,1.97,-0.99,5.7,-7.43,3.74,-10.64,-2.87,-2.12,-8.86,-10.23,-1.06,-3.37,4.99,-2.97,1.14,2.17,3.15
-37.66,-50.62,-10.09,-4.75,1.38,-0.17,7.01,-5.02,7.04,-8.93,-1.83,-0.06,-8.13,-9.66,-0.47,-0.51,8,-0.41,0.16,2.21,4.29
-38.25,-50.22,-11.5,-5.07,-0.31,1.55,5.81,-2.94,7.24,-8.32,1.04,3.19,-9.55,-7.73,-2.71,3.07,7.18,0.66,-1.83,1.44,4.58
-40.07,-50.79,-12.52,-5.79,-1.43,2.15,5.32,-1.85,7.29,-6.48,5.79,7.39,-13.22,-6.87,-4.89,2.87,6.03,3.68,-3.92,0.51,5.43
-39.91,-50.92,-11.09,-7.42,-0.4,0.91,7.55,-2.33,9.69,-5.72,8.63,9.76,-6.68,-9.24,-1.57,1.1,8.67,4.8,-4.97,-0.57,6.46
-37.81,-51.31,-12.05,-7.35,-0.61,1.21,9.51,-0.63,12.81,-3.62,10.52,13.8,-6.77,-8.94,-0.84,4.3,11.1,3.05,-5.36,-0.83,7.86
-36.59,-51.45,-12.86,-7.37,-0.52,1.23,11.06,0.02,15.33,-1.03,8.96,11.85,-4.95,-8.57,2.07,3.9,12.22,5.1,-6.12,-1.21,9.22
-35.88,-48.18,-12.5,-6.69,-0.97,1.23,10.44,0.93,16.05,0.41,6.86,9.57,-4.28,-8.33,1.9,2.97,12.01,6.54,-5.58,-1.47,9.44
-37.89,-47.19,-14.58,-5.34,-1.83,2.61,9.67,3.38,16.87,5.15,6.4,12.3,-10.23,-6.92,-2.98,5.23,11.73,12.81,-5.37,-0.38,11.06
-39.96,-48.23,-15.9,-5.29,-2.11,3.13,9.41,4.08,16.78,5.49,7.23,11.89,-13.79,-8.31,-4.22,5.06,12.38,10.23,-5.91,0.19,11.91
-40.14,-50.02,-15.73,-6.26,-2.65,2.89,7.82,4.34,13.65,6.52,5.47,9.42,-13.34,-10.09,-5.61,7.4,9.28,9.17,-5.96,0.51,11.56
-38.2,-49.75,-14.29,-6.05,-2.19,2.27,7.03,3.02,12.2,5.68,1.96,5.29,-12.13,-11.63,-4.96,6.8,8.35,7.46,-4.88,0.35,9.87
-34.48,-48.19,-12.14,-6.28,-0.47,0.66,7.42,0.03,12.37,3.46,2.22,3.3,-9.13,-12.41,-2.64,3.33,9.81,4.23,-3.01,0.82,8.22
-31.13,-46.01,-9.11,-5.89,1.55,-1.51,7.69,-2.48,11.39,1.47,3.76,6.52,-4.98,-11.55,-0.12,-0.4,9.86,3.4,-1.14,0.61,6.62
-32.78,-44.2,-7.04,-5.8,3.04,-2.81,9.34,-3.15,14.16,0.61,4.41,6.69,-1.92,-10.08,1.84,-0.11,14.3,1.25,-0.9,0.02,5.98
-31.17,-42.98,-5.13,-5.96,4.03,-3.75,9.5,-4.28,11.69,-0.41,3.58,9.79,1.65,-9.18,2.46,-1.2,11.69,1.61,-0.19,0.32,6.15
-28.72,-43.34,-5.86,-7.43,3.97,-3.91,10.96,-3.57,12.61,-0.72,8.85,10.13,0.93,-11.95,5.1,0.39,12.19,2.18,-1.01,0.97,7.18
-31.97,-43.57,-8.31,-6.69,2.85,-1.79,12.21,-0.12,15.66,3.66,13.44,14.3,-3.36,-10.57,2.16,2.49,13.48,7.99,-1.94,1.38,9.16
-33.12,-42.17,-10.43,-5.27,1.71,-0.32,12.92,1.55,18.65,6.06,16.23,16.47,-5.44,-8.07,0.84,5.43,15.68,10.08,-2.16,1.52,9.26
-35.49,-41.91,-11.22,-4.38,1.12,0.76,12.72,2.21,20.47,6.87,15.84,18.99,-3.05,-5.99,2.04,8.49,17.15,11.21,-3.45,-0.02,8.52
-37.3,-42.99,-12.62,-4.21,0.42,1.07,11.69,2.29,21.71,8.02,10.14,16.52,-1.56,-6.45,6.56,7.97,17.76,13.28,-5.78,-1.77,7.18
-36.58,-43.08,-13.6,-3.16,-2.22,2.57,7.5,2.12,14.45,4.64,6.09,12.84,-5.54,-5.53,-0.64,8.81,9.59,9.85,-5.41,-1.34,5.96
-34.55,-44.45,-13.87,-4.66,-2.34,2.19,6.13,1.74,12.24,3.49,7.36,12.3,-7.14,-8.75,-3.19,6.03,7.77,7.93,-5.86,-0.79,6.09
-36.56,-48.38,-13.55,-7.16,-1.23,1.26,7.09,1.79,12.67,4.13,9.45,11.46,-7.81,-12.39,-2.77,3.47,9.04,7.1,-7.53,-0.63,6.86
-38.15,-48.01,-13.71,-7.03,-1.32,1.33,7.33,3.29,13.37,5.4,8.82,12.36,-9.69,-12.65,-3.86,5.25,10.89,7.16,-8.19,-0.85,7.99
-39.14,-47.2,-13.79,-6.86,-0.96,1.5,7.75,4.48,14.69,7.35,8.16,11.48,-7.78,-12.98,-0.91,5.78,12.46,8.97,-8.66,-1.2,8.96
-38.76,-46.75,-14.14,-5.94,-1.95,2.3,5.61,5.39,12.43,7.74,8.02,8.24,-7.5,-12.46,-2.58,9.79,10.14,8.78,-8.3,-1.9,8.4
-35.07,-43.3,-12.66,-3.25,-1.86,2.76,4.54,3.87,10.97,5.94,8.11,11.09,-7.06,-11.46,-3.2,7.11,8.58,9.48,-5.04,-0.4,7.8
-34.65,-42.49,-11.13,-2.2,-1.19,2.21,3.68,3.08,9.53,6.45,10.63,15.52,-5.52,-10.01,-2.96,6.49,7.4,9.85,-2.65,0.78,7.38
-34.48,-44.65,-8.57,-3.96,1.17,-1.05,4.68,-0.02,10.15,4.53,10.28,15.23,-0.29,-14.35,1.03,3.39,9.28,9.08,-2.35,0.87,6.38
-34.07,-44.22,-7.05,-4.75,2.43,-1.98,5.23,-0.76,10.4,4.73,6.83,20.62,0.34,-15.09,0.41,3.84,9.64,10.15,-2.01,1.64,6.17
-32.21,-43.46,-6.95,-5.21,3.2,-3.11,5,-1.16,7.97,4.11,14.49,19.49,-2.54,-15.12,0.26,4.61,8.71,10.77,-2.17,1.02,5.62
-31.43,-42.15,-6.67,-5.93,4.54,-4.24,6.85,-1.93,11.23,3.8,15.97,20.16,-2.63,-14.79,3.98,3.02,13.03,9.48,-2.39,0.87,5.42
-29.66,-40.9,-6.03,-5.82,5.13,-4.48,8.1,-0.52,12.19,7.66,13.44,21.35,2.89,-13.12,5.61,2.68,14.44,14.95,-2.03,1.11,5.96
-28.95,-39.4,-6.07,-4.7,4.23,-4.64,8.7,-1.13,11.93,4.64,15.15,18.01,1.72,-14.21,5.21,0.64,14.83,8.43,-0.72,2.25,7.23
-29.55,-40.85,-6.64,-4.52,3.87,-3.72,8.41,-1.24,11.34,0.81,11.27,15.84,1.21,-13.76,4.18,2.93,14.76,-1.12,-0.63,2.68,7.04
-31.79,-41.81,-5.17,-5.43,4.6,-4.43,7.92,-4.2,9.55,-1.39,7.84,10.53,3.24,-17.01,3.41,0,12.65,-0.53,-1.11,2.43,5.94
-32.23,-43.69,-4.24,-6.66,5.13,-5.16,7.82,-5.81,8.66,-1.44,6.89,10.3,3.5,-19.69,2.35,-2.65,11.83,-0.27,-1.95,2.28,5.23
-31.5,-43.67,-4.51,-6.8,5.27,-4.88,8.08,-5.86,9.71,1.24,8.42,11.13,1.35,-20.77,2.75,-6.07,12.64,4.47,-2.57,1.78,4.6
-30.69,-43.94,-4.87,-6.2,4.48,-4.34,7.79,-4.26,10.42,2.42,7.77,12.31,-0.47,-20.31,2.57,-3.77,12.21,6.55,-2.02,1.56,4.12
-29.37,-44.93,-5.35,-5.85,3.79,-3.74,6.48,-2.38,9.8,1.87,7.26,8.46,-2,-19.44,1.93,-2.15,11.42,3.83,-1.25,1.48,3.66
-29.46,-44.44,-5.77,-6.6,3.28,-3.43,4.93,-1.82,7.56,1.4,0.32,0.84,-3.73,-19.57,2.5,-1.11,8.18,2.55,-1.82,0.57,2.42